Start	End	Gap	Text
0x11db4c528	0x11db4c530		唇\n8ﾂﾀｿ
0x11db4c661	0x11db4c666	305.0	瀟
0x11db4c68d	0x11db4c692	39.0	瀟
0x11db5201a	0x11db5201e	22920.0	藁
0x11db54198	0x11db541a8	8570.0	＊＊＊＊＊＊＊＊
0x11db541ac	0x11db541b4	4.0	無名戦士
0x11db541b8	0x11db541cc	4.0	カトリーヌ\n○波○郎
0x11db6c1a4	0x11db6c1ac	98264.0	天空戦神
0x11db6c1b0	0x11db6c1e8	4.0	伝説の勇者\n魔人の息子\nデビルアーマー\nゴーレムマスター
0x11db6c1ec	0x11db6c224	4.0	ウェアキャット\nカエル男爵\nゾンビマスター\nウェアウルフ
0x11db6c228	0x11db6c24c	4.0	バンパイア\nソーサラー\nダークナイト
0x11db6c250	0x11db6c27c	4.0	魔王の息子\nジェネラル\nプリンセス\nプリンス
0x11db6c280	0x11db6c288	4.0	クィーン
0x11db6c28c	0x11db6c29c	4.0	カンフーマスター
0x11db6c2a0	0x11db6c2c4	4.0	魔猿・悟空\n柔マスター\n空手マスター
0x11db6c2c8	0x11db6c2dc	4.0	お笑い芸人\nアサシン
0x11db6c2e0	0x11db6c304	4.0	コレクター\nいかさま師\nぬいぐるみ師
0x11db6c308	0x11db6c324	4.0	マリオネット師\nギャンブラー
0x11db6c328	0x11db6c340	4.0	デザートシーフ\n武器商人
0x11db6c344	0x11db6c350	4.0	ヴァルキリー
0x11db6c354	0x11db6c368	4.0	ビショップ\n聖獣使い
0x11db6c36c	0x11db6c388	4.0	ルーンマスター\nウォーロック
0x11db6c38c	0x11db6c3a0	4.0	パラディン\n夢の住人
0x11db6c3a4	0x11db6c3b0	4.0	バーサーカー
0x11db6c3b4	0x11db6c3c8	4.0	カエル戦士\nネコ戦士
0x11db6c3cc	0x11db6c3d4	4.0	魔獣使い
0x11db6c3d8	0x11db6c3f4	4.0	レンジャー\nエルフクレリック
0x11db6c3f8	0x11db6c408	4.0	エルフレンジャー
0x11db6c40c	0x11db6c418	4.0	エルフメイジ
0x11db6c41c	0x11db6c428	4.0	エルフナイト
0x11db6c42c	0x11db6c444	4.0	アマゾネス\nライトナイト
0x11db6c448	0x11db6c474	4.0	バトルマスター\nアーマーナイト\nオークキラー
0x11db6c478	0x11db6c488	4.0	ビーストハンター
0x11db6c48c	0x11db6c494	4.0	魔法戦士
0x11db6c498	0x11db6c4c4	4.0	美しき戦士\nデビルバスター\nドラゴンバスター
0x11db6c4c8	0x11db6c4d8	4.0	オーラファイター
0x11db6c4dc	0x11db6c508	4.0	デザートガード\nソードマン\nアイテムハンター
0x11db6c50c	0x11db6c518	4.0	ダークメイジ
0x11db6c51c	0x11db6c528	4.0	ライトメイジ
0x11db6c52c	0x11db6c548	4.0	クレリック\nフリーファイター
0x11db6c580	0x11db6c5a0	56.0	用捨てるステータ装アイム必殺技う
0x11db6c5a4	0x11db6c5c4	4.0	：鬼霊魔竜人悪武食注呪病はいえ使
0x11db6c5c8	0x11db6c5e8	4.0	０１２３４５６７８９／対戦レベル
0x11db6c678	0x11db6c684	144.0	マルスカット
0x11db6c688	0x11db6c694	4.0	一撃！   
0x11db6c698	0x11db6c6a4	4.0	ゾンビ呼び 
0x11db6c6a8	0x11db6c6b4	4.0	おたけび  
0x11db6c6b8	0x11db6c6c4	4.0	      
0x11db6c6c8	0x11db6c6d4	4.0	生気吸収  
0x11db6c6d8	0x11db6c6e4	4.0	やまあらし 
0x11db6c6e8	0x11db6c6f4	4.0	月光連打  
0x11db6c6f8	0x11db6c704	4.0	混乱させる 
0x11db6c708	0x11db6c714	4.0	分身    
0x11db6c718	0x11db6c724	4.0	スマイル  
0x11db6c728	0x11db6c734	4.0	攻撃君   
0x11db6c738	0x11db6c744	4.0	身がわり君 
0x11db6c748	0x11db6c754	4.0	チェンジ！ 
0x11db6c758	0x11db6c764	4.0	味見する  
0x11db6c768	0x11db6c774	4.0	空と光の歌 
0x11db6c778	0x11db6c784	4.0	うずしお斬 
0x11db6c788	0x11db6c794	4.0	呪い殺す  
0x11db6c798	0x11db6c7a4	4.0	武器にする 
0x11db6c7a8	0x11db6c7b4	4.0	運命のカード
0x11db6c7b8	0x11db6c7c4	4.0	手品    
0x11db6c7c8	0x11db6c7d4	4.0	呼ぶ祈り  
0x11db6c7d8	0x11db6c7e4	4.0	爆炎の呪文 
0x11db6c7e8	0x11db6c7f4	4.0	聖回復の呪文
0x11db6c7f8	0x11db6c804	4.0	必殺攻撃  
0x11db6c808	0x11db6c814	4.0	地殻変動  
0x11db6c818	0x11db6c824	4.0	変なおどり 
0x11db6c828	0x11db6c834	4.0	呼ぶさけび 
0x11db6c838	0x11db6c844	4.0	呼ぶ口笛  
0x11db6c848	0x11db6c854	4.0	疾風の呪文 
0x11db6c858	0x11db6c864	4.0	聖剣波   
0x11db6c868	0x11db6c874	4.0	剣魔連撃  
0x11db6c878	0x11db6c884	4.0	キスでチュッ
0x11db6c888	0x11db6c894	4.0	天地破滅斬 
0x11db6c898	0x11db6c8a4	4.0	剣魔合成波 
0x11db6c8a8	0x11db6c8b4	4.0	花と風の歌 
0x11db6c8b8	0x11db6c8c4	4.0	そでの下  
0x11db6c8c8	0x11db6c8d4	4.0	口説く   
0x11db6c8d8	0x11db6c8e4	4.0	聖なる波動 
0x11db6c8e8	0x11db6c8f4	4.0	超連続攻撃 
0x11db6c8f8	0x11db6c904	4.0	爆裂斬   
0x11db6c908	0x11db6c914	4.0	アイテム取り
0x11db6c918	0x11db6c924	4.0	病魔の呪文 
0x11db6c928	0x11db6c934	4.0	電撃の呪文 
0x11db6c938	0x11db6c944	4.0	回復の呪文 
0x11db6c948	0x11db6c954	4.0	連続攻撃  
0x11db6c958	0x11db6c964	4.0	食べる   
0x11db6c968	0x11db6c974	4.0	商談    
0x11db6c978	0x11db6c984	4.0	大地の歌  
0x11db6c988	0x11db6c994	4.0	ぬすむ   
0x11db6c998	0x11db6c9a4	4.0	冒険の知恵 
0x11db6c9a8	0x11db6c9b4	4.0	お祈り   
0x11db6c9b8	0x11db6c9c4	4.0	逃げる   
0x11db6c9c8	0x11db6c9d4	4.0	ダミー   
0x11db6c9d8	0x11db6c9e8	4.0	メッセージの速さ
0x11db6c9ec	0x11db6c9f4	4.0	モノラル
0x11db6c9f8	0x11db6ca00	4.0	ステレオ
0x11db6ca04	0x11db6ca10	4.0	    ＳＥ
0x11db6ca14	0x11db6ca20	4.0	   ＢＧＭ
0x11db6ca24	0x11db6ca30	4.0	サウンド設定
0x11db6ca34	0x11db6ca3c	4.0	始めから
0x11db6cff9	0x11db6d03c	1469.0	一体なんだろう\n何だかわからない不思議な物\n上の階へワープできる
0x11db6d040	0x11db6d058	4.0	使うといっきに５０階以上
0x11db6d05c	0x11db6d084	4.0	使えるアイテムに変える\nただのがらくたを
0x11db6d088	0x11db6d0a0	4.0	敵に乗りうつられなくなる
0x11db6d0a4	0x11db6d0dc	4.0	アイテムをこわされなくなる\n敵の呪い攻撃をふせいでくれる
0x11db6d0e0	0x11db6d0ec	4.0	持っていると
0x11db6d0f0	0x11db6d118	4.0	いいことがある天使の羽\n持っているだけで
0x11db6d11c	0x11db6d134	4.0	がらくたからできたメダル
0x11db6d138	0x11db6d150	4.0	がらくたからできたロッド
0x11db6d154	0x11db6d170	4.0	使うと何が起こるかわからない
0x11db6d174	0x11db6d184	4.0	悪魔に対して強い
0x11db6d188	0x11db6d198	4.0	人間に対して強い
0x11db6d19c	0x11db6d1d4	4.0	竜に対して強い\nがらくたから作られた剣\n魔物に対して強い
0x11db6d1d8	0x11db6d218	4.0	がらくたから作られた斧\n霊に対して強い\nがらくたから作られた短剣
0x11db6d21c	0x11db6d288	4.0	鬼に対して強い\nがらくたから作られたナイフ\n敵の通常攻撃をかわしやすくなる\n装備すると\n１の出る確率が上がる
0x11db6d28c	0x11db6d2cc	4.0	装備するとレベルは下がるが\n武器として使えます\n天魔石で作った棒
0x11db6d2d0	0x11db6d338	4.0	不思議な力を秘めている\n天魔石から削り出した剣\n使うと……\n天魔石と呼ばれる石です\n何かをみがけそうです
0x11db6d33c	0x11db6d348	4.0	光輝くといし
0x11db6d34c	0x11db6d37c	4.0	不思議に光る石\n金のかけら\nどろぼうが ほしがる
0x11db6d380	0x11db6d3b0	4.0	呼び出すことができます\n使うと道案内のようせいを
0x11db6d3b4	0x11db6d3f4	4.0	武器レベルが上がる\n役に立たない がらくた\n別のアイテムに変える
0x11db6d3f8	0x11db6d42c	4.0	さびている剣や石のロッドを\n古代の文字でかかれた巻物
0x11db6d430	0x11db6d440	4.0	ブリキ製のロッド
0x11db6d444	0x11db6d458	4.0	何のたしにもならない
0x11db6d45c	0x11db6d474	4.0	セーブの像を呼び出します
0x11db6d478	0x11db6d494	4.0	使用すると\n全体マップへ戻る
0x11db6d498	0x11db6d50c	4.0	使用するとタワーを脱出して\n使うとステータスが完全回復\nユニコーンの角でできている\nワープする\n使うと上のステージに
0x11db6d510	0x11db6d580	4.0	石化していて使えないロッド\n呪いのレベルが下がる薬\n病気のレベルが下がる薬\nねずみのしっぽ\nよく太った いもむし
0x11db6d584	0x11db6d59c	4.0	ボール状に丸まった こけ
0x11db6d5a0	0x11db6d5b4	4.0	きれいな色の きのこ
0x11db6d5b8	0x11db6d614	4.0	食べられるかもしれない\nＨＰを２０回復する\n食べておいしい小さな木の実\nＨＰを１００回復する
0x11db6d618	0x11db6d64c	4.0	食べておいしい大きな木の実\n食べるとＨＰが完全に回復
0x11db6d650	0x11db6d66c	4.0	黄金に輝く木の実、病気中以外
0x11db6d670	0x11db6d67c	4.0	大きく上がる
0x11db6d680	0x11db6d694	4.0	使うとＨＰの最大値が
0x11db6d698	0x11db6d6c0	4.0	注意レベルが上がる\nグルメレベルが上がる
0x11db6d6c4	0x11db6d72c	4.0	対悪（邪神）レベルが上がる\n対人（人間）レベルが上がる\n対竜レベルが上がる\n対魔（使い魔）レベルが上がる
0x11db6d730	0x11db6d76c	4.0	対霊レベルが上がる\n対鬼レベルが上がる\nＨＰの最大値が上がる
0x11db6d770	0x11db6d77c	4.0	なぞのメダル
0x11db6d780	0x11db6d7c8	4.0	使ってみるまで わからない\n何のたしにもならない剣\nあらゆる敵に対し強い
0x11db6d7cc	0x11db6d800	4.0	最強にして最高の剣\n悪魔に強い\n神々が人に与えし聖剣
0x11db6d804	0x11db6d83c	4.0	人間に強い\n人を斬るための魔剣\nドラゴンを倒すにはこの剣
0x11db6d840	0x11db6d8c0	4.0	ドラゴンバスター達の剣\nコインマンに強い剣\nなぜかやわらかい不思議な剣\nゴーストに強い聖剣\n聖なる光をはなつ剣\n鬼を斬るための剣
0x11db6d8c4	0x11db6d8d8	4.0	鬼斬り人サムライの剣
0x11db6d8dc	0x11db6d910	4.0	装備するとマルスの力を得る\n伝説の遺跡戦士マルスの剣
0x11db6d914	0x11db6d92c	4.0	装備するとかなり強くなる
0x11db6d930	0x11db6d95c	4.0	戦士が使う大きな剣\n装備すると普通に強くなる
0x11db6d960	0x11db6d9b8	4.0	銅でできた普通の剣\n装備すると少し強くなる\n鉄でできた普通のナイフ\nさびていて使えない剣
0x11db6de84	0x11db6de98	1228.0	病気なんて気にしない
0x11db6de9c	0x11db6deb8	4.0	ブタ状態は何でも食べられる！
0x11db6debc	0x11db6df2c	4.0	ｅポイント下がった\nｇ に変わった\n呼び出しました\n道案内のようせいを\n武器レベルが足りません\nｆを装備するには
0x11db6df30	0x11db6df40	4.0	ＨＰ 完全回復！
0x11db6df44	0x11db6df70	4.0	５つの塔を たてる\nこの世界の王 イプシロン
0x11db6df74	0x11db6dfa0	4.0	新たなる基が 生まれる\n基と基を あわせし時
0x11db6dfa4	0x11db6dfb4	4.0	この地をあたえる
0x11db6dfb8	0x11db6dfdc	4.0	魔王ジャネスに\n世界を つなぐ道なり
0x11db6dfe0	0x11db6dfe8	4.0	長い塔は
0x11db6dfec	0x11db6e000	4.0	この世界に落ちてくる
0x11db6e004	0x11db6e010	4.0	罪人は死ぬと
0x11db6e014	0x11db6e02c	4.0	それは 地上で罪を負う者
0x11db6e030	0x11db6e044	4.0	長い塔を さまよう者
0x11db6e048	0x11db6e060	4.0	アイテムハンターの基なり
0x11db6e064	0x11db6e0d8	4.0	２４ ８８６２\nダークメイジ の基なり\n５０ ３１４６\nライトメイジ の基なり\n８２ １６６５\nクレリック の基なり
0x11db6e0dc	0x11db6e104	4.0	１３ ３７１２\nフリーファイターの基なり
0x11db6e108	0x11db6e128	4.0	２１ ２１３７\n野生児 の基なり
0x11db6e12c	0x11db6e158	4.0	７１ １１０５\n商人 の基なり\n１ ２４８９
0x11db6e15c	0x11db6e180	4.0	ゆうぼくみん の基なり\n７ ６２３５
0x11db6e184	0x11db6e194	4.0	シーフ の基なり
0x11db6e198	0x11db6e1e4	4.0	２９ １１３６\nたびびと の基なり\n９５ ４３００\n次のように かかれている
0x11db6e1e8	0x11db6e1f4	4.0	パピルスには
0x11db6e1f8	0x11db6e214	4.0	装備できません\nはずしました
0x11db6e218	0x11db6e224	4.0	装備しました
0x11db6e228	0x11db6e238	4.0	意味がなかった…
0x11db6e23c	0x11db6e254	4.0	ｇ だった\nなんと正体は
0x11db6e258	0x11db6e278	4.0	何をみがきますか？\nｆ を使った
0x11db6e27c	0x11db6e2c0	4.0	ステータスが完全回復！\n病気レベルがｅ上昇\nしかし体は うけつけない
0x11db6e2c4	0x11db6e30c	4.0	呪いレベルがｅ回復\n心が やすらぐ\n病気レベルがｅ回復\n元気がわいてくる
0x11db6e310	0x11db6e31c	4.0	ＨＰがｅ回復
0x11db6e320	0x11db6e33c	4.0	力がわいてくる\n武器レベルが
0x11db6e340	0x11db6e34c	4.0	注意レベルが
0x11db6e350	0x11db6e38c	4.0	グルメレベルが\n対悪魔レベルが\n対人間レベルが\n対竜レベルが
0x11db6e390	0x11db6e3a0	4.0	対使い魔レベルが
0x11db6e3a4	0x11db6e3b0	4.0	対霊レベルが
0x11db6e3b4	0x11db6e3c0	4.0	対鬼レベルが
0x11db6e3c4	0x11db6e3f0	4.0	ｅポイント上がった\nしかし何もおこらなかった
0x11db6e9a1	0x11db6e9d0	1457.0	セーブデータが壊れています\n選択してください
0x11db6e9d4	0x11db6e9f4	4.0	お待たせしましたチェック終了です
0x11db6e9f8	0x11db6ea10	4.0	セーブデータがありません
0x11db6ea14	0x11db6ea44	4.0	カードをチェックして下さい\n初期化に失敗しました
0x11db6ea48	0x11db6ea6c	4.0	初期化終了しました\n初期化しています
0x11db6ea70	0x11db6ea8c	4.0	メモリーカードを使用しないで
0x11db6ea90	0x11db6eac0	4.0	メモリーカードが認識できません\n初期化しますか？
0x11db6eac4	0x11db6eae0	4.0	メモリーカードが未初期化です
0x11db6eae4	0x11db6eb3c	4.0	そのままお待ちください\nメモリーカードのチェック中です\n        最後の塔 挑戦中
0x11db6eb40	0x11db6eb60	4.0	   スペクトラルタワー 挑戦中
0x11db6eb64	0x11db6eb84	4.0	 クイーン・ローズタワー 挑戦中
0x11db6eb88	0x11db6eba8	4.0	       泥棒タワー 挑戦中
0x11db6ebac	0x11db6ebe0	4.0	ａはドクをうけた！\nしかも宝箱にはドクがぬられていた
0x11db6ebe4	0x11db6ebf8	4.0	メチャクチャつかれた
0x11db6ebfc	0x11db6ec2c	4.0	ａは１のダメージ！\nしかもウデをケガしてしまった
0x11db6ec30	0x11db6ec40	4.0	 プレイしますか
0x11db6ec44	0x11db6ec58	4.0	 このキャラクターで
0x11db6ec5c	0x11db6ecbc	4.0	お好きな番号を入力してください\n名前を入力してください\n       （全 ？フロア）\n最後の塔
0x11db6ecc0	0x11db6eda0	4.0	    （全 １０００フロア）\nスペクトラルタワー\n     （全 １００フロア）\nクイーン・ローズタワー\n      （全 ２０フロア）\n泥棒タワー\n      （全 １０フロア）\nゴブリンタワー\n出口のカギを入手しました
0x11db6eda4	0x11db6ede4	4.0	宝箱は消えてなくなった\n不思議なことに\n宝箱のかぎをこわしました
0x11db6ede8	0x11db6ee48	4.0	宝箱も中身もこわれてなくなった\n宝箱があります\nセーブを行いますか\n ぼうけん者の女神ソフラン」
0x11db6ee4c	0x11db6ee5c	4.0	「わたしは全ての
0x11db6ee60	0x11db6eea4	4.0	ちょっぴり強くなった！\nモリモリパンだった\nぜっこうちょうになった！
0x11db6eea8	0x11db6eef8	4.0	ニコニコパンだった\nブタブタブーになった！\nブタブーパンだった\nａ が食べたのは
0x11db6eefc	0x11db6ef3c	4.0	むしゃ むしゃ むしゃ\nユウさんのパンを食べた\nパンを食べますか
0x11db6ef40	0x11db6ef50	4.0	 君にあげるよ」
0x11db6ef54	0x11db6ef6c	4.0	 やきたてホカホカのパン
0x11db6ef70	0x11db6efa4	4.0	 ようせいのパン屋さんだよ\n「ぼくはパン屋のユウさん
0x11db6efa8	0x11db6efc0	4.0	しかも 下のステージに！
0x11db6efc4	0x11db6efdc	4.0	別の場所に移動していた！
0x11db6efe0	0x11db6f00c	4.0	しかしベッドゴーレムは\n それじゃまたね〜」
0x11db6f010	0x11db6f028	4.0	「ぐっすりねむれたでしょ
0x11db6f02c	0x11db6f044	4.0	それでは おやすみなさい
0x11db6f048	0x11db6f058	4.0	ねむってみますか
0x11db6f05c	0x11db6f06c	4.0	ベッドゴーレムで
0x11db6f070	0x11db6f0a0	4.0	 少し眠っていくのね」\n「ミーはフカフカベッドね
0x11db6f0a4	0x11db6f0b4	4.0	ベッドゴーレムだ
0x11db6f0b8	0x11db6f0cc	4.0	スッキリと体力ｅ回復
0x11db6f0d0	0x11db6f0d8	4.0	ふう……
0x11db6f0dc	0x11db6f0ec	4.0	病気をｅうけた！
0x11db6f0f0	0x11db6f114	4.0	こりゃ たまらない\nひどいにおいだ！
0x11db6f118	0x11db6f120	4.0	うっぷ！
0x11db6f124	0x11db6f134	4.0	……………………
0x11db6f138	0x11db6f14c	4.0	お化けトイレに入った
0x11db6f150	0x11db6f160	4.0	中に入りますか？
0x11db6f164	0x11db6f18c	4.0	お化けトイレがある\nゲームを続けますか？
0x11db6f190	0x11db6f1b8	4.0	セーブしました\nメモリーカードが一杯です
0x11db6f1bc	0x11db6f1e4	4.0	セーブ中ですお待ちください\n続けますか？
0x11db6f1e8	0x11db6f228	4.0	もう一度 確認してください\nチェックしています\nメモリーカードを
0x11db6f22c	0x11db6f23c	4.0	宝箱に いどんだ
0x11db6f240	0x11db6f27c	4.0	ｇ を入手\nｆ を捨て\nｆ を入手\nｇ を捨て\n使いますか？
0x11db6f280	0x11db6f2a8	4.0	どれを捨てますか？\n呪いレベル完全回復！
0x11db6f2ac	0x11db6f2c0	4.0	病気レベル完全回復！
0x11db6f2c4	0x11db6f2d4	4.0	宝箱に戻しました
0x11db6f2d8	0x11db6f2ec	4.0	これ以上 持てません
0x11db6f2f0	0x11db6f300	4.0	ｇ を手に入れた
0x11db6f304	0x11db6f31c	4.0	アイテムを持っていません
0x11db6f320	0x11db6f334	4.0	捨ててもいいですか？
0x11db6f338	0x11db6f364	4.0	本当にｆを\n     ゴブリンタワー 挑戦中
0x11db6f723	0x11db6f734	959.0	なんともなかった
0x11db6f738	0x11db6f7f0	4.0	アイテムを持っていなかったので\n持ちこたえた！\nアイテムの力で\nかってにアイテムを捨てていた！\n気がつくと\nｌ ポイ！\nｋ ポイ！\nｊ ポイ！\nｉ ポイ！\nｈ ポイ！\nうまくかわした！
0x11db6f7f4	0x11db6f808	4.0	呪いレベルが上がった
0x11db6f80c	0x11db6f820	4.0	病気レベルが上がった
0x11db6f824	0x11db6f83c	4.0	かってに捨ててしまった！
0x11db6f840	0x11db6f88c	4.0	アイテムを\n攻撃をかわした\n消えて なくなった\nｅ吸いとられた\nａ のＨＰが
0x11db6f890	0x11db6f8a0	4.0	ドレインタッチだ
0x11db6f8a4	0x11db6f908	4.0	しまった！\nａ に ふれた\n考えている\n必殺技を ふうじこめた\n変な目つきで にらんだ\nブタになった
0x11db6f90c	0x11db6f91c	4.0	ブタの息をはいた
0x11db6f920	0x11db6f950	4.0	ａ にのりうつった\nａを おそう！\n最悪な気分が
0x11db6f954	0x11db6f970	4.0	ケムリになった\nおびえている
0x11db6f974	0x11db6f9a4	4.0	ニタニタ笑った\nはげしい攻撃！\nｇ をぬすまれた
0x11db6f9a8	0x11db6f9c8	4.0	怪しく うごめいた\nｃ の指先が
0x11db6f9cc	0x11db6f9f8	4.0	ｉ をこわされた！\nものすごく変なことをした
0x11db6f9fc	0x11db6fa10	4.0	イヤな予感がする……
0x11db6fa14	0x11db6fa24	4.0	ドラゴンブレスだ
0x11db6fa28	0x11db6fa60	4.0	ｃ の目が光る\nｈ をこわされた！\nｃ は変なことをした
0x11db6fa64	0x11db6fa78	4.0	病気の息をふきかけた
0x11db6fa7c	0x11db6fa98	4.0	こみあげている\nｃ は何かが
0x11db6fa9c	0x11db6faa8	4.0	ａ を呪った
0x11db6faac	0x11db6fae8	4.0	ａ をうらんでいる\n死んでしまった……\nｅのダメージをうけた
0x11db6faec	0x11db6fb18	4.0	ｃ の攻撃\nａ の攻撃失敗\nｃ は少し弱った
0x11db6fb1c	0x11db6fb50	4.0	ａ の攻撃成功\nｃ をたおした\nクリティカルヒット！
0x11db728ec	0x11db72918	11676.0	しかし アイテムを\n手に入れることができた！
0x11db7291c	0x11db7297c	4.0	さらに アイテムもいくつか\n壮絶な死に様だった\nバラバラに切り刻まれている\n大量にわいていた……
0x11db72980	0x11db729a4	4.0	小さな白い虫が\n遺体が腐りかけている
0x11db729a8	0x11db729bc	4.0	小さな音を立てていた
0x11db729c0	0x11db729d4	4.0	あごの骨がカタカタと
0x11db729d8	0x11db729e8	4.0	白骨化した遺体だ
0x11db729ec	0x11db72a24	4.0	顔が紫色に腫れ上がっていた……\n毒を受けて死んだのだろう
0x11db72a28	0x11db72a44	4.0	この男の墓標に違いないだろう
0x11db72a48	0x11db72a80	4.0	剣が床に突き立てられている\n帰ってくるのは沈黙だけだった
0x11db72a84	0x11db72a90	4.0	話しかけても
0x11db72a94	0x11db72aa8	4.0	女がうずくまっていた
0x11db72aac	0x11db72ac4	4.0	ひどく腐乱しているようだ
0x11db72ac8	0x11db72ad4	4.0	くっ 臭い！
0x11db72ad8	0x11db72ae4	4.0	………………
0x11db72ae8	0x11db72b28	4.0	呼んでも返事がない\n人が倒れている\nなにも身にまとっていなかった
0x11db72b2c	0x11db72b40	4.0	盗賊に荒らされたのか
0x11db72b44	0x11db72b64	4.0	供えられていた……\n白い花が髪に
0x11db72b68	0x11db72b78	4.0	美しい女の遺体だ
0x11db72b7c	0x11db72bb4	4.0	主人とともに旅立ったというのか\n壊れた楽器が転がっている
0x11db72bb8	0x11db72bdc	4.0	横たわっている\n足元には冷たい死体が
0x11db72be0	0x11db72c00	4.0	なんど呼びかけても返事はなかった
0x11db72c04	0x11db72c54	4.0	女戦士ソフィア……\n名前が刻まれていた\n折れた剣に\n「野生児フナフチここに眠る」
0x11db72c58	0x11db72c70	4.0	小さな墓標が残されている
0x11db72c74	0x11db72cc0	4.0	遺体はどこにも見あたらなかった\n火葬された跡がある\n誰かがすでに弔ったようだ
0x11db72cc4	0x11db72d1c	4.0	胸の上で手を組んでいる\n冷たい死体がそこにはあった\nゆすってみたが動かなかった\n声をかけ
0x11db72d20	0x11db72d38	4.0	魔物になりかけていた……
0x11db72d3c	0x11db72d60	4.0	その身体は\n遺体がかすかに動いている
0x11db72d64	0x11db72dc0	4.0	じっとこちらを見つめていた\nその濁った瞳が\n目を見開いた死体だ\nしずかにうずくまっていた……
0x11db72dc4	0x11db72ddc	4.0	遺体はただ\n話しかけたが
0x11db72de0	0x11db72df8	4.0	命を落とすというのか……
0x11db72dfc	0x11db72e24	4.0	これほどの男が\n屈強な戦士が息絶えている
0x11db72e28	0x11db72e74	4.0	銀のペンダントが光っていた……\n女の死体だ\n爪で床をかきむしった跡がある……
0x11db72e78	0x11db72e8c	4.0	毒で死んだのだろうか
0x11db72e90	0x11db72ec0	4.0	チッチッチッ まだまだ甘いねえ\n死体だと思った？
0x11db72ec4	0x11db72ee8	4.0	寝ているだけだった\n高いびきをかいて
0x11db72eec	0x11db72f48	4.0	この男は死んで……\n身体は冷たくなっていた……\nすでに息はなく\n寝ているのかと思ったが違った
0x11db72f4c	0x11db72f68	4.0	ささやかではあるが弔いをする
0x11db72f6c	0x11db72f78	4.0	マントをかけ
0x11db72f7c	0x11db72fc0	4.0	衣服からして女だろうか\n首のない死体がある\nその死に顔は安らかだった
0x11db72fc4	0x11db72ff8	4.0	青ざめた顔の女……\nこのような姿になるのだろうか……
0x11db72ffc	0x11db7303c	4.0	いずれは自分も\nおびただしい血を流して\nそっとまぶたを閉じてやる
0x11db73040	0x11db73050	4.0	男は息絶えていた
0x11db73054	0x11db73064	4.0	目を見開いたまま
0x11db73068	0x11db73080	4.0	とても見られ……ない！！
0x11db73084	0x11db73090	4.0	むごい死体だ
0x11db73094	0x11db730b4	4.0	「無念だ」とそこには記されていた
0x11db730b8	0x11db73114	4.0	指先で血文字が書かれている\n黒装束をまとった死体だ\nいくつの遺体を見ていくのだろう\nこれから
0x11db73118	0x11db73160	4.0	返事はなかった\n遺体はすでに土に還っていた\n汚れた衣服だけが残されている
0x11db73164	0x11db7317c	4.0	ほほえんでいるようだった
0x11db73180	0x11db731ec	4.0	しかしその顔は\n若い男の死体だ\nだが 彼女はもう助からない……\n瀕死の女がかすかに声を出す\nあ、あなたは……
0x11db731f0	0x11db73254	4.0	漂ってきた\nするとすさまじい悪臭が\nそこからネズミが走り出した\n死体を調べると\nもう助からないだろう
0x11db73258	0x11db73268	4.0	だが この傷では
0x11db7326c	0x11db73288	4.0	男はかすかにうめき声を上げる
0x11db7328c	0x11db7329c	4.0	う…… うう……
0x11db732a0	0x11db732d0	4.0	まったくわからない\nいまではどんな姿をしていたか
0x11db732d4	0x11db732e4	4.0	白骨化した死体だ
0x11db732e8	0x11db7330c	4.0	ほこりに汚れていた……\n髪飾りが悲く
0x11db73310	0x11db73324	4.0	どうやら女性のようだ
0x11db73328	0x11db733b4	4.0	人が死んでいる……\nだいぶ昔のもののようだ\n人が死んでいる\n壮絶な最期を遂げていた\n剣を握ったまま\n答えは返ってこなかった\n呼びかけてみたが
0x11db733b8	0x11db733d0	4.0	どうやら死体のようだ……
0x11db733d4	0x11db733ec	4.0	うずくまったまま動かない
0x11db733f0	0x11db73408	4.0	どうやら死んでいるようだ
0x11db7340c	0x11db73434	4.0	反応がない\nムリムリムリ ひー おかしー
0x11db73438	0x11db73444	4.0	ひゃはははは
0x11db73448	0x11db73464	4.0	キミがこの塔にのぼるだって？
0x11db73468	0x11db73488	4.0	白くてキレイじゃないか キー！！
0x11db7348c	0x11db734ec	4.0	だってあいつら オイラたちより\n妖精族なんてキライだ キライだ\nなんてウソだよーん ひゃはははは
0x11db734f0	0x11db73504	4.0	だから仲良くして……
0x11db73508	0x11db73550	4.0	本当は寂しがりやなのさ\nオイラたちは憎まれ口を叩くけど\n一緒にどうだい？
0x11db73554	0x11db73560	4.0	あんたも今度
0x11db73564	0x11db735ac	4.0	サイコーの相手だぜ\n小人族ってからかうには\nトロいあんたにゃ捕まらないよ
0x11db735b0	0x11db735f4	4.0	鬼さんこちら 手のなる方へ\nぴょんぴょんぴょん\n身体が軽くなるからさ
0x11db735f8	0x11db7362c	4.0	アイテムを全部捨ててごらん\nさえない顔をしているねえ
0x11db73630	0x11db73644	4.0	ムダだよ ムダ ムダ
0x11db73648	0x11db73668	4.0	そんなんでこの塔を登ろうっての？
0x11db7366c	0x11db73684	4.0	なにをやらしても鈍くさい
0x11db73688	0x11db736b4	4.0	ダメだねえ キミは\n聞いていれば間違いないよ
0x11db736b8	0x11db736f4	4.0	オイラたちのいうことを\nラブリーなウサギさんさっ！\nオイラは
0x11db736f8	0x11db73714	4.0	どうせムダだよ\nやめちゃえば
0x11db73718	0x11db73750	4.0	ついからかいたくなるね\nキミみたいな無能な冒険者を見ると
0x11db73754	0x11db73790	4.0	１００年早いよ 出なおしな\nキミなんかがこの塔に登ろうなんて
0x11db73794	0x11db737b8	4.0	また来たね こりない冒険者\nケケケッ
0x11db737bc	0x11db737dc	4.0	ホントのこと言ってゴメンなさいネ
0x11db737e0	0x11db7382c	4.0	あんまりひどい顔だったから\nあらゴメンなさい 笑ったりして\n生まれるのかしら
0x11db73830	0x11db73860	4.0	どうしてそんな不細工な顔に\nあなたたち野蛮人って
0x11db73864	0x11db738cc	4.0	かわいそーねー\nあるってコトに気づいてないのね\n一番美しいものは自分の中に\nどうして財宝が好きなのかしら
0x11db738d0	0x11db738e0	4.0	小人や野蛮人って
0x11db738e4	0x11db738f0	4.0	どーしよーん
0x11db738f4	0x11db73904	4.0	ママに叱られるぅ
0x11db73908	0x11db73940	4.0	忘れ物をしちゃった\nきゃいーん\n無礼な真似は許しませんよ
0x11db73944	0x11db73960	4.0	彼女たちはすべて我が子らです
0x11db73964	0x11db739c8	4.0	この塔の妖精たちを治める者です\n私は妖精の女王ウインダール\n踏み荒らすことは許しません\n我々の聖地を
0x11db739cc	0x11db739dc	4.0	呪われし野蛮人よ
0x11db739e0	0x11db73a00	4.0	これ以上塔を登るのはおやめなさい
0x11db73a04	0x11db73a44	4.0	へへーんだ\n悔しかったら飛んでみな\n鈍くさい野蛮人\nやーいやーい
0x11db73a48	0x11db73a60	4.0	前触れなのでしょうか……
0x11db73a64	0x11db73a78	4.0	なにか不吉な出来事の
0x11db73a7c	0x11db73a90	4.0	数が減っているのです
0x11db73a94	0x11db73aa8	4.0	最近 私たち妖精族の
0x11db73aac	0x11db73b00	4.0	キャア 冗談だってばー\nフェアリービームっっっ！！\n正義に変わってお仕置きしちゃう！
0x11db73b04	0x11db73b38	4.0	むっ 来たなこの野蛮人\nまったくそのとーりなのよねー
0x11db73b3c	0x11db73bb4	4.0	パープーだと思ってるでしょ\nもしかしてー アタシたちのこと\nルルルルル\n今日も自由 明日も自由\nアタシは風の精\nラララン
0x11db73bb8	0x11db73bd4	4.0	わすれちゃった キャハハハハ
0x11db73bd8	0x11db73bfc	4.0	あのね えーっとね\nどーしよっかなー
0x11db73c00	0x11db73c38	4.0	ママの名前を聞きたいって？\nワタシたちを生んでくれたのよ
0x11db73c3c	0x11db73c48	4.0	ママは一人で
0x11db73c4c	0x11db73c64	4.0	ママについて聞きたいの？
0x11db73c68	0x11db73cb0	4.0	恥ずかしくって言えないわよ\nやっだー エッチー\nどうやって生まれるかって
0x11db73cb4	0x11db73cc0	4.0	ワタシたちが
0x11db73cc4	0x11db73d04	4.0	生きているとか……\nなんでももう１０００年以上\nすっごく怖いのよ
0x11db73d08	0x11db73d1c	4.0	ワタシたちのママって
0x11db73d20	0x11db73d68	4.0	いいですね\nそれをきちんと理解しなさい\nあなた達人間がもたらしたのですよ
0x11db73d6c	0x11db73d98	4.0	この塔のすべての災厄は\n荒らさないでください
0x11db73d9c	0x11db73dbc	4.0	そしてもう二度と 私たちの聖域を
0x11db73dc0	0x11db73dd4	4.0	呪われた血を引く者よ
0x11db73dd8	0x11db73e08	4.0	立ち去りなさい\nカ・ン・ジ・ル\nその熱い視線……
0x11db73e0c	0x11db73e2c	4.0	いやーん そんなに見つめないでよ
0x11db73e30	0x11db73e84	4.0	これだから野蛮人は……\nまったく鈍くさいわねえ\nオホホホホ\nいつまで待たせるのかしら
0x11db73e88	0x11db73ea8	4.0	小人族のシオを待ってるんだけど…
0x11db73eac	0x11db73ec0	4.0	アタシの名前はプラム
0x11db73ec4	0x11db73ee8	4.0	ま 見るだけならいいけどね\nふーん 
0x11db73eec	0x11db73f0c	4.0	なによ そんなに妖精が珍しいの？
0x11db73f10	0x11db73f3c	4.0	サイテーの生き物ね\nあなたたちって ほんっと
0x11db73f40	0x11db73f74	4.0	このヘンタイっ！！\nジロジロ見ないでよ\nイヤーッ！！
0x11db73f78	0x11db73f8c	4.0	売られちゃうわー！！
0x11db73f90	0x11db74024	4.0	キャー 野蛮人よー！！\nはずかしいーっ！！\nきゃー 言っちゃったー\n冒険 がんばってくださいネ\nあの…… その……\nごめんなさい 出すぎたこと言って
0x11db74028	0x11db74040	4.0	ワタシはそうは思わないの
0x11db74044	0x11db7407c	4.0	小人族のことを悪く言うけど\nあの…… ほかの姉さんたちは
0x11db74080	0x11db74098	4.0	ぜったいに許せないわ！！
0x11db7409c	0x11db740b8	4.0	アタシたちをお金で売ったのよ
0x11db740bc	0x11db740dc	4.0	面白半分で捕まえたことがあったわ
0x11db740e0	0x11db74138	4.0	むかし人間が アタシたちを\nアッカンベーッ！！\n教えないよーだ\n野蛮人と呼ぶか知ってる？
0x11db7413c	0x11db74154	4.0	なんでアタシたちが人間を
0x11db74158	0x11db7418c	4.0	アタシ バカだからわかんなーい\nうーん そうねぇ……
0x11db74190	0x11db741a8	4.0	この塔の謎を知りたいの？
0x11db741ac	0x11db741c4	4.0	どう 信じられるかしら？
0x11db741c8	0x11db741e8	4.0	そしてまた妖精として生まれ変わる
0x11db741ec	0x11db74230	4.0	世界を飛び回る風に\n妖精は死ぬと風にかわるのよ\nイタズラしちゃダメよ
0x11db74234	0x11db74294	4.0	だからといって\nとってもシャイなの\n生まれたばかりの妖精は\nカッコわるーい\n飛べない野蛮人なんて
0x11db74298	0x11db742dc	4.0	ピュピューンってね\n空を飛べると便利なのよ\nやっぱり言えないわっ！！
0x11db742e0	0x11db742f4	4.0	その…… アタシ……
0x11db742f8	0x11db7431c	4.0	いやらしー目 やっだー\nキャハハハハ
0x11db74320	0x11db74338	4.0	アタシといいコトしなーい
0x11db7433c	0x11db74358	4.0	ウッフーン そこのオ・カ・タ
0x11db7435c	0x11db74388	4.0	変なのかもしれないわね\nあなたたちから見れば
0x11db7438c	0x11db743a0	4.0	この姿で死んでゆくの
0x11db743a4	0x11db743c4	4.0	アタシたち妖精はこの姿で生まれて
0x11db743c8	0x11db743f0	4.0	やっぱりダメっ！！\nその…… えっと……
0x11db743f4	0x11db743fc	4.0	あの……
0x11db74400	0x11db7442c	4.0	それがいまでは……\n昔は魔物もいなかったのに
0x11db74430	0x11db7446c	4.0	この塔は変わってしまったわ\nあなたたちが来るようになってから
0x11db74470	0x11db744b8	4.0	あまり嫌わないでね\nなかにはおとなしい子もいるから\n遊び好きではないのよ
0x11db744bc	0x11db744e8	4.0	妖精のすべてが\n長生きできるあなたたちが……
0x11db744ec	0x11db7450c	4.0	うらやましいわ\n２０年くらいなの
0x11db74510	0x11db74528	4.0	アタシたちの寿命は長くて
0x11db7452c	0x11db74544	4.0	そしてあなたたち野蛮人ね
0x11db74548	0x11db7457c	4.0	魔物 小人 アタシたち妖精\nいろいろな生き物がいるわ
0x11db74580	0x11db7458c	4.0	ナ・イ・ショ
0x11db74590	0x11db745a0	4.0	ウフフフフフ……
0x11db745a4	0x11db745c0	4.0	アタシの好みが聞きたいって？
0x11db745c4	0x11db745dc	4.0	もうチョイね もうチョイ
0x11db745e0	0x11db7460c	4.0	でも まだまだよね\n顔はまずまずってトコかな
0x11db74610	0x11db74620	4.0	うーん そうねえ
0x11db74624	0x11db7463c	4.0	すぐに鼻の下をのばすから
0x11db74640	0x11db7467c	4.0	これだから野蛮人はキライなのよ\nイヤらしい目で見ないでくれる
0x11db74680	0x11db7468c	4.0	なによあなた
0x11db74690	0x11db746c8	4.0	コ・ワ・イ……\nああ 美しすぎる自分が\n美しいって罪よね
0x11db746cc	0x11db746fc	4.0	鏡を見てものを言いなさいよ\nあなたはどうかって？
0x11db74700	0x11db74718	4.0	カッコよくなきゃダメよね
0x11db7471c	0x11db7474c	4.0	やっぱり冒険者ってのは\nもうサイテーってカンジー
0x11db74750	0x11db74770	4.0	ドロ臭いし ダサイし オンチだし
0x11db74774	0x11db747b4	4.0	なんかイヤなのよね\n小人族って\nキャハハハハハ\nウソよ ウソ！！
0x11db747b8	0x11db74800	4.0	お友達になってくれる？\nまあ、かっこいい人\nキャー キャー キャアー！！
0x11db74804	0x11db74874	4.0	キャー こっちは野蛮人！！\n魔物が襲ってくるー！！\nキャー！！ たすけてー！！\nもっと強い魔物はいっぱいいるわよ
0x11db74878	0x11db74888	4.0	でも まだまだネ
0x11db7488c	0x11db74894	4.0	強いのね
0x11db74898	0x11db748b4	4.0	ヘー あなた魔物を倒せるんだ
0x11db748b8	0x11db748f4	4.0	ごめんなさいネ\nママに言われてるの\n野蛮人と話しちゃダメって
0x11db748f8	0x11db74908	4.0	関わりたくないの
0x11db7490c	0x11db74928	4.0	あなたたちみたいな野蛮人とは
0x11db7492c	0x11db74960	4.0	気安く話しかけないでちょうだい\n入り込んでくるなんて
0x11db74964	0x11db74978	4.0	こんなところに人間が
0x11db7497c	0x11db7498c	4.0	まあ めずらしい
0x11db74990	0x11db749c8	4.0	きゃっ きゃっ\nこの青二才がっ！！\nえーい 恥をしれ恥を
0x11db749cc	0x11db749ec	4.0	おまえら若いくせになっとらーん！
0x11db749f0	0x11db74a44	4.0	かーっ！！\nもててたんじゃぞい\nピチピチギャルにだって\nブイブイいわせていたもんじゃ
0x11db74a48	0x11db74a70	4.0	これでもワシだって昔は\nよお聞こえんのお
0x11db74a74	0x11db74ac4	4.0	え なんだって\n最近耳が遠くなってのお\nいずれ倒れるかもしれんのお\nこのままだと
0x11db74ac8	0x11db74b34	4.0	少しずつ傾いているようじゃ\nううむ どうもこの塔は\n２０歳じゃったが まだ出られん\n確かこの塔に入ったときは
0x11db74b38	0x11db74b4c	4.0	ワシももう９０歳じゃ
0x11db74b50	0x11db74b84	4.0	はあ ヒマじゃ……\nなんかおもしろいコトはないかのお
0x11db74b88	0x11db74b94	4.0	退屈じゃのお
0x11db74b98	0x11db74ba0	4.0	はあ……
0x11db74ba4	0x11db74bfc	4.0	控えるんじゃな\n奴の不信を買うような真似は\n大地の力を支配しておる\n小人族の王スワードは
0x11db74c00	0x11db74c18	4.0	身のためじゃとは思うがの
0x11db74c1c	0x11db74c40	4.0	下手に怒らせん方が\n風を司る聖霊じゃ
0x11db74c44	0x11db74cd0	4.0	妖精族の女王ウインダールは\nここで尽きたというわけじゃ\nおまえさんの命運も\nよく来たのお この呪われた塔に\nみんな滅びるのじゃあああああ！！
0x11db74cd4	0x11db74cf4	4.0	ワシの占いによると破滅は近いぞよ
0x11db74cf8	0x11db74d00	4.0	不吉じゃ
0x11db74d04	0x11db74d1c	4.0	どういうわけなのじゃろう
0x11db74d20	0x11db74d4c	4.0	これはいったい\n徐々にその数が増えている……
0x11db74d50	0x11db74d64	4.0	塔の中の魔物たち……
0x11db74d68	0x11db74db8	4.0	せいぜい頑張るがいいて\nおまえさんもその一人じゃな\n数多くの冒険者が集まってくる
0x11db74dbc	0x11db74ddc	4.0	この塔には\nこの盗っ人風情が！！
0x11db74de0	0x11db74e08	4.0	とっとと失せろ\nワシは見せ物じゃないわい
0x11db74e0c	0x11db74e74	4.0	なにをジロジロ見とるんじゃ\nさあ 行った行った\nひやかしだったら聞く耳持たんぞ\nなんじゃ ワシに用かの？
0x11db74e78	0x11db74e98	4.0	いうことも覚えておいた方がいいぞ
0x11db74e9c	0x11db74ef4	4.0	人生は長い 後悔は先にたたんと\nそんなに急いでどこへ行くんじゃ\nこれこれ そこのお若いの
0x11db74ef8	0x11db74f18	4.0	なったのは 人間のせいらしいのお
0x11db74f1c	0x11db74f80	4.0	妖精族と小人族の仲が険悪に\nほほう そうか\nむむむむむ……\n謎が謎を呼ぶ不思議な塔じゃ\nわからんのお
0x11db74f84	0x11db74ffc	4.0	むむむ……\n小人族の王スワードの存在を……\n妖精族の女王ウインダールと\nおまえさん知っとるかい\n同じ種族だったらしいのお
0x11db75000	0x11db75060	4.0	かつて妖精と小人は\nそういうことか\nふむふむ なるほど\nトホホ……\n悩みすぎると頭が薄くなるのお
0x11db75064	0x11db75084	4.0	つまり戦士と魔法使いをたすと……
0x11db75088	0x11db750a4	4.0	ウマとロバをたすとラバになる
0x11db750a8	0x11db750c4	4.0	そうか そうじゃったのか！！
0x11db750c8	0x11db750d4	4.0	わかった！！
0x11db750d8	0x11db750e8	4.0	一緒にせんでくれ
0x11db750ec	0x11db75150	4.0	アイザックのもうろくジジイとは\nなんか用かの？\nスティーブはワシじゃが\nこの塔を研究しているのじゃよ
0x11db75154	0x11db75178	4.0	やつもまた\nスティーブというのがおる
0x11db7517c	0x11db7518c	4.0	ワシの古い友達に
0x11db75190	0x11db751a8	4.0	複雑な過去がありそうじゃ
0x11db751ac	0x11db751bc	4.0	どうもこの塔には
0x11db751c0	0x11db751d8	4.0	ワシじゃ アイザックじゃ
0x11db751dc	0x11db751f0	4.0	ジャマせんでくれんか
0x11db751f4	0x11db75290	4.0	いまこの塔を研究中じゃ\n偉大な科学者じゃよ\nワシの名前はアイザック\nこのことは誰にも喋らんでおくれ\nき 聞いておったのか！\nピチピチしとってカワイイのお……
0x11db75294	0x11db752cc	4.0	ここの妖精ちゃんたちは\nまだまだ若いモンには負けられんて
0x11db752d0	0x11db7530c	4.0	腹筋３００かーい ほっほっ\n腕立て伏せ１００かーい ほっほっ
0x11db75310	0x11db75328	4.0	ゴホッゴホッ ぐふぅ！！
0x11db7532c	0x11db75354	4.0	いよいよワシにもお迎えが来たか\nうう……
0x11db75358	0x11db75388	4.0	ゴホッ ゴホッ\nヨボヨボだと思ったら大間違いさっ
0x11db7538c	0x11db753a8	4.0	チッチッチッ 年寄りがみんな
0x11db753ac	0x11db75440	4.0	ワシはとっても元気だぜ！！\nやあ 元気かい\nかまわんよ ワシはなんでも……\nなんと シイタケ茶しかない\nワシはうめこぶ茶がええのお\nなあ ばあさんや
0x11db75444	0x11db75458	4.0	へーっくしょーい！！
0x11db7545c	0x11db754bc	4.0	風邪かのお くしゃみがとまらん\nへっくしょい へっくしょい！！\n塔の秘密と関係するのじゃろうか？
0x11db754c0	0x11db754d0	4.0	このことがなにか
0x11db754d4	0x11db75550	4.0	妖精は女だけ 小人は男だけじゃ\n妖精族と小人族\nいったい何があったというのじゃ\nそれがいまではこの有様じゃ\nいなかったという
0x11db75554	0x11db7556c	4.0	はるか昔 この塔に魔物は
0x11db75570	0x11db75590	4.0	長い道のりを進まねばならんのじゃ
0x11db75594	0x11db755c0	4.0	それを解くためには\nこの塔に秘められた謎……
0x11db755c4	0x11db755fc	4.0	ずっと以前よりあったのじゃ\nこの塔はワシら人間が生まれる
0x11db75600	0x11db75618	4.0	ただのジジイではないぞい
0x11db7561c	0x11db7563c	4.0	ワシはこの塔を研究している者じゃ
0x11db75640	0x11db7565c	4.0	はて どうしてなんじゃろう？
0x11db75660	0x11db756ac	4.0	昔はそうでもなかったようじゃが\n妖精族は仲が悪いらしい\nこの塔にいる小人族と
0x11db756b0	0x11db7570c	4.0	胸に手を当てて考えるがいい\n答えはおまえさんの心の中にある\nなぜ自分がこの塔を登り続けるのか
0x11db75710	0x11db75748	4.0	ときおり思うことはないかね\nまあまあ 茶でも一杯どうかね
0x11db7574c	0x11db7577c	4.0	話し相手もおらんでのう\nささ 遠慮などせずに……
0x11db75780	0x11db757d8	4.0	よう来てくれたのお\nいずれまた蘇ってくるのじゃ\nなんど倒しても\nこの塔を支配する怪物……
0x11db757dc	0x11db757f4	4.0	片手でひとひねりじゃわい
0x11db757f8	0x11db75850	4.0	おまえのようなヒヨッコなど\n年寄りをバカにするでないぞ\nきさまに話すことなど何もないわい
0x11db75854	0x11db7587c	4.0	帰れ 帰れ\n過ぎ去ってしまうのじゃからな
0x11db75880	0x11db758a0	4.0	若さというものは あっという間に
0x11db758a4	0x11db758e4	4.0	モタモタしとる暇はないぞい\nいいのじゃがな\nおぬしはそうならんと
0x11db758e8	0x11db759a8	4.0	数多くの魂が眠っておる\nこの塔には志なかばにして倒れた\nはて？いくつじゃったかのお\nワシの歳は……\nワシはまだボケとらんぞ\n……なんじゃって？\nワシの若い頃にそっくりじゃわい\nおぬしは強いのお
0x11db759ac	0x11db759dc	4.0	ひょっひょっひょっ\nおっと これ以上は言えんわい
0x11db759e0	0x11db75a08	4.0	数字をたしたりひいたり……\n研究しておる
0x11db75a0c	0x11db75a28	4.0	ワシはクラスチェンジの法則を
0x11db75a2c	0x11db75a3c	4.0	見んかったかの？
0x11db75a40	0x11db75a68	4.0	ここに置いてあった入れ歯を\nフガフガ……
0x11db75a6c	0x11db75a88	4.0	出られなくなっても知らんぞえ
0x11db75a8c	0x11db75a98	4.0	ワシのように
0x11db75a9c	0x11db75abc	4.0	マップはきちんと覚えておきなされ
0x11db75ac0	0x11db75ae4	4.0	フオッフオッフオッ\n覚悟が必要じゃぞ
0x11db75ae8	0x11db75afc	4.0	ここから上に行くには
0x11db75b00	0x11db75b34	4.0	よく来たのお お若いの\n酔ったふりをしてるだけさ……
0x11db75b38	0x11db75b64	4.0	酒？ そんなものないよ\n酔っぱらっちゃったよ
0x11db75b68	0x11db75b94	4.0	ヒック ういー\nボクって方向オンチだから……
0x11db75b98	0x11db75bb8	4.0	もう三日もこの階をさまよってます
0x11db75bbc	0x11db75c40	4.0	自分を信じて戦うことだ\nならば修行するのみだな\nなに もっと強くなりたいだと？\nホァチャー！！\nアチャッ！ オチャッ！\nアチョー！！
0x11db75c44	0x11db75c5c	4.0	華麗に敵を倒してみたまえ
0x11db75c60	0x11db75c9c	4.0	ソーサラーのこの私のように\n剣を振るだけの戦いなど\n野蛮だな
0x11db75ca0	0x11db75cbc	4.0	甘く見てると痛い目にあうわよ
0x11db75cc0	0x11db75cf4	4.0	アタシはアマゾネス\nこれでも力には自信があるんだから
0x11db75cf8	0x11db75d24	4.0	女だからってバカにしないで\nでは さらば！！
0x11db75d28	0x11db75d3c	4.0	おぬしも精進めされよ
0x11db75d40	0x11db75d88	4.0	闇に生き 闇に死すものなり\n拙者は忍者\nだが 冒険をあきらめたりはしない
0x11db75d8c	0x11db75dc0	4.0	戦いの中で目をやられてしまった\n俺は目が見えないんだ
0x11db75dc4	0x11db75dd8	4.0	誰かそこにいるのか？
0x11db75ddc	0x11db75dfc	4.0	ヒヒヒ……\nここは地獄の一丁目さ
0x11db75e00	0x11db75e40	4.0	あんた 無理しない方がいいぜぇ\nへへへ……\n気を使った方がいいぞ
0x11db75e44	0x11db75e54	4.0	おまえも武器には
0x11db75e58	0x11db75e70	4.0	武器の手入れは戦士の常識
0x11db75e74	0x11db75e90	4.0	俺はシーフだから逃げるだけさ
0x11db75e94	0x11db75e9c	4.0	俺かい？
0x11db75ea0	0x11db75eb8	4.0	ときには頭も使わないとな
0x11db75ebc	0x11db75ed4	4.0	腕力だけが戦いじゃないぜ
0x11db75ed8	0x11db75f00	4.0	目を見ればわかるぜ\nおまえもそうだろう？
0x11db75f04	0x11db75f80	4.0	数えきれない敵を倒してきた\n俺は百戦錬磨の戦士\n塔はぁ にげませんよぉ\nいそいだってぇ\nのぼりぃ ましょうよぉ\nゆうっくりぃ
0x11db75f84	0x11db75f98	4.0	謝って損しちゃったよ
0x11db75f9c	0x11db75fac	4.0	なんだ 人違いか
0x11db75fb0	0x11db75ff4	4.0	宝は返すから許して……\nわー 俺が悪かった\nモンスターに見つかるだろ
0x11db75ff8	0x11db76034	4.0	静かにしてくれ\nしーっ！！\nあれはいったい何だったんだろう？
0x11db76038	0x11db7605c	4.0	俺が赤ん坊になった夢だ\n夢を見たんだ
0x11db76060	0x11db76074	4.0	これからなんだからな
0x11db76078	0x11db76084	4.0	本当の冒険は
0x11db76088	0x11db760e0	4.0	痛い目を見るぞ\n気楽な気持ちでやっていると\nエッホ エッホ エッホ\nただひたすら登るのみ
0x11db760e4	0x11db7611c	4.0	もう後戻りもできねえや\nここまで来ちゃうと\nはっはっはっ
0x11db76120	0x11db76134	4.0	俺もその一人だけどな
0x11db76138	0x11db7618c	4.0	ぜんぜん強くならないぞ\n敵から逃げてばっかりいると\n登っているんだ かっこいいだろ？
0x11db76190	0x11db761d8	4.0	俺は忘れた自分を取り戻すために\nこの塔に登るんだ？\nおまえはなんのために
0x11db761dc	0x11db76230	4.0	重くて動けないよー\n持てるのはいいけど……\nアイテムをたくさん\nトイレはどこだぁ！！
0x11db76234	0x11db76244	4.0	わー もれる！！
0x11db76248	0x11db76264	4.0	イモムシを食べたらおなかが…
0x11db76268	0x11db76278	4.0	ピーゴロゴロゴロ
0x11db7627c	0x11db76294	4.0	すごい奴がいるってうわさ
0x11db76298	0x11db762a8	4.0	塔のてっぺんには
0x11db762ac	0x11db762bc	4.0	おまえ聞いたか？
0x11db762c0	0x11db76300	4.0	あればいいんだけど\n「といし」か何かが\nどうすればいいんだろう？
0x11db76304	0x11db7634c	4.0	さびた剣を手に入れただけど\nどうしよう……\nえっ 降りる階段がないって？
0x11db76350	0x11db76368	4.0	下の階に忘れ物をしたんだ
0x11db7636c	0x11db763b0	4.0	えっほ えっほ\n夜なのでしょうか…\nそういえば 今は昼なのでしょうか
0x11db763b4	0x11db763dc	4.0	太陽を見たことがありません\nここしばらく
0x11db763e0	0x11db763f0	4.0	俺もなりてえなあ
0x11db763f4	0x11db76424	4.0	すげえ必殺技を使うらしいぜ\n見たことがあるかい？
0x11db76428	0x11db7643c	4.0	おまえは勇者ってのを
0x11db76440	0x11db76480	4.0	幸福があらんことを……\nあなたの未来に\n恵みの光をお与えください
0x11db76484	0x11db764a4	4.0	罪深き迷える子羊に\nあれ 失敗か
0x11db764a8	0x11db764d4	4.0	必殺 十文字斬りぃぃぃ！！\nきえええええ！！
0x11db764d8	0x11db764f4	4.0	ガラクタばっかりなんだよなあ
0x11db764f8	0x11db7650c	4.0	だけど どれもこれも
0x11db76510	0x11db76570	4.0	隠されているって本当かい？\nこの塔にはすごいお宝が\nこんな塔 登ってられないぜ\n歌でも歌わなきゃ
0x11db76574	0x11db7658c	4.0	らんらんらんらんらん……
0x11db76590	0x11db765ac	4.0	その答えは心のなかにあるのさ
0x11db765b0	0x11db76630	4.0	キミは知っているかい？\nなぜこの塔に登るか\nＺＺＺ……\n起こさないでくれよ\n  ＺＺＺ……\nうーん、眠い…\nどこにあるんだろう？
0x11db76634	0x11db76664	4.0	いったいカギは\n   キョロキョロ\nキョロキョロ
0x11db76668	0x11db7669c	4.0	最近これしか食べてないなあ\n今夜の食事は こけだんご
0x11db766a0	0x11db766ac	4.0	ムシャムシャ
0x11db766b0	0x11db766c8	4.0	装備できないんだよぉ！！
0x11db766cc	0x11db766d4	4.0	……でも
0x11db766d8	0x11db76700	4.0	すごい武器を手に入れたんだ\n見てくれ！！
0x11db76704	0x11db76738	4.0	ほっといてくれ……\n俺のことは\n……もう 動けないよ
0x11db7673c	0x11db7676c	4.0	ヒイコラ ヒイコラ……\nここ 何階なんですかねぇ
0x11db76770	0x11db767a4	4.0	ヒイコラ ヒイコラ\n付けられるのでしょうか？疑問です
0x11db767a8	0x11db767e0	4.0	しかし 冒険に点数など\nあらゆる冒険に点数をつけています
0x11db767e4	0x11db767f8	4.0	私は冒険評論家です！
0x11db767fc	0x11db76818	4.0	場所が悪い！…お前が悪い！！
0x11db7681c	0x11db76890	4.0	世界が悪い！国が悪い！\nアソコがダメ！ココがダメ！\nブツブツ…\nあーつかれた！かったりぃ！\n私は不満を言い続ける男！
0x11db76894	0x11db768dc	4.0	…なんちゃって\n今までの自分にサヨナラ！！\n何か自分が変われる気がします
0x11db768e0	0x11db76908	4.0	この塔を登ると\nとても人には言えません！
0x11db7690c	0x11db76928	4.0	すごい秘密を知ってしまった…
0x11db7692c	0x11db76960	4.0	なにか関係が あるのかなぁ\nこの塔にお金が無いのとは
0x11db76964	0x11db76984	4.0	コインマンに生まれ変わるらしい…
0x11db76988	0x11db769a0	4.0	お金を愛した人間は死ぬと
0x11db769a4	0x11db769bc	4.0	マンビー様は元気かなぁ…
0x11db769c0	0x11db769e0	4.0	「マンビー」様の子分だったんだ…
0x11db769e4	0x11db769fc	4.0	俺は「どろぼうタワー」の
0x11db76a00	0x11db76a18	4.0	ここまで来てしまいました
0x11db76a1c	0x11db76a34	4.0	塔に入ってみたんだけど…
0x11db76a38	0x11db76a74	4.0	なんとなく\n選択肢は無限に探せるはず！\n自分らしく生きろよ…
0x11db76a78	0x11db76aac	4.0	まだまだ先は解らない…\n「俺が一番」と口にはするな…
0x11db76ab0	0x11db76ac0	4.0	人生も同じだぜ！
0x11db76ac4	0x11db76ae4	4.0	急いでると大事なものを見落とすぜ
0x11db76ae8	0x11db76b78	4.0	ゆっくり行こうや！ゆっくりと！\nよう あんちゃん！\n俺は自由だぁぁぁ！！！\n手紙を誰かに届けなくてもいい…\nあとは 無し！\n目的は塔を登るだけ！
0x11db76b7c	0x11db76b94	4.0	…でも…  自由がある…
0x11db76b98	0x11db76bb0	4.0	この塔に それは無いな…
0x11db76bb4	0x11db76c2c	4.0	感動できる話しばかりだったぜ！\n今まで色々な冒険をしてきたが…\nまた 探さないとなぁ…\nせっかくの剣を壊されてしまって…
0x11db76c30	0x11db76c44	4.0	いや〜まいりましたよ
0x11db76c48	0x11db76c68	4.0	あいつとは話さないことにしますよ
0x11db76c6c	0x11db76c98	4.0	ぼくはもう\nあの白うさぎ！\nムカつきません？
0x11db76c9c	0x11db76cb8	4.0	生まれつき運がないのかなあ？
0x11db76cbc	0x11db76ce0	4.0	もしかして\nなぜか攻撃を外しまくる！
0x11db76ce4	0x11db76cfc	4.0	どうも戦闘の調子が悪い！
0x11db76d00	0x11db76d1c	4.0	なり方は秘密！自分で考えてね
0x11db76d20	0x11db76d6c	4.0	で ぼくの職業はライトメイジ！\nシーフの必殺技が使えるんだぜ！\nすごいだろ！
0x11db76d70	0x11db76d8c	4.0	風呂ぎらいの私には天国ですネ
0x11db76d90	0x11db76e34	4.0	この塔には風呂がないからですネ\nあのですネ\nお風呂に入っていないなぁ…\nでも この塔に来てから\nオシャレ小僧だったんだ\nぼくは町一番の\n家に帰ろうかなぁ…オロ オロ
0x11db76e38	0x11db76e4c	4.0	リターンロッド使って
0x11db76e50	0x11db76e94	4.0	家のカギ閉めてきたっけかなぁ…\nオロ オロ\n使うところもないしなぁ…
0x11db76e98	0x11db76ef4	4.0	落ちてても\n「お金」は落ちていないのかな？\nうーん…この塔には\n後から強くなるかもしれないぞ
0x11db76ef8	0x11db76f28	4.0	最初 弱そうな奴も\nそれぞれ成長力が決まっている
0x11db76f2c	0x11db76f3c	4.0	キャラクターには
0x11db76f40	0x11db76f6c	4.0	なんなんでしょうねぇ？\n心が洗われるような…
0x11db76f70	0x11db76fc0	4.0	不思議な力を感じませんか？\nこの塔から\nああ…装備してみたい…\nやくたたずな剣！
0x11db76fc4	0x11db76fec	4.0	伝説の剣のうわさを！！\n知っていますか？
0x11db76ff0	0x11db76ffc	4.0	道に迷ったぜ
0x11db77000	0x11db77020	4.0	本気で叩かなくてもいいじゃないか
0x11db77024	0x11db77060	4.0	ポカッ！！ ひーん\nこのボクと勝負しろ！！\nそこの冒険者！！
0x11db77064	0x11db7709c	4.0	わからないって？ そうだよねえ\nえっ 塔の中だから時間が
0x11db770a0	0x11db770dc	4.0	気分がスッキリしない？\n朝早く起きると\nワーイ あそぼうよー
0x11db770e0	0x11db77130	4.0	あっ 冒険者さんだ\nおぬしらは招かれざる客じゃ\nよく来てくれた と言いたい所だが
0x11db77134	0x11db771d0	4.0	ワシは小人族の王 スワード\n塔の中の掃除をしなきゃなんない\nおかげでボクたちがいっつも\n困っちゃうよな\n冒険者は乱暴者が多くて\nここにいれば退屈しないからさ
0x11db771d4	0x11db77214	4.0	それは簡単だよ\nこの塔に住んでいるかって？\nえっ ボクらがなんで
0x11db77218	0x11db77248	4.0	ボクだってみたことないんだモン\nそれはムチャだよ
0x11db7724c	0x11db772f0	4.0	ボクたちの王様に会いたいって？\nなんだろう フシギ……\nなんで人間は争ってばっかり\nゴブリンもドラゴンも友達さ\nボクたちにとっては\n不思議な揺れがおこったりする……
0x11db772f4	0x11db772fc	4.0	ときどき
0x11db77300	0x11db77318	4.0	この塔の様子がヘンなんだ
0x11db7731c	0x11db77324	4.0	さいきん
0x11db77328	0x11db77340	4.0	取っていっちゃうんだもん
0x11db77344	0x11db77380	4.0	どんどんアイテムを\n冒険者も勝手だよな\nひー 怒らないでよー
0x11db77384	0x11db773a0	4.0	あれってボクらがやってるんだ
0x11db773a4	0x11db7744c	4.0	ガラクタが入っているだろ？\nよく宝箱に\n魔物に変身するところを\n死んだ人が\nボク見ちゃったんだ\nあわわ……\n捕まえるの手伝ってよー！！\nボケっと見てないで\nドロボー！！
0x11db77450	0x11db774c0	4.0	本当はボクらのものなんだよ\nこの塔にあるアイテムも\nボクらは宝物が大好きなんだ\nぜーんぶ持っていっちゃうんだモン
0x11db774c4	0x11db77540	4.0	だってボクの好きな宝物\nアイテムハンターはキライなんだ\nへーっくしょん！！\nどこかでオイラの噂をしているな\nへっくしょん！！
0x11db77544	0x11db77568	4.0	きれいな歌声が聞きたいなあ\nまたあの
0x11db7756c	0x11db77588	4.0	吟遊詩人のお姉さんがいるんだ
0x11db7758c	0x11db7759c	4.0	ルーチェっていう
0x11db775a0	0x11db775f0	4.0	知ってる？\nルーチェっていう人だよ\nあそんでくれたんだ\nお歌の上手なお姉ちゃんが
0x11db775f4	0x11db7760c	4.0	あそんでくれてもいいのに
0x11db77610	0x11db77650	4.0	もっとゆっくり\nどうして人間はせっかちなのかな\nボク思うんだけど
0x11db77654	0x11db77678	4.0	ふあぁ……\n今日はもう帰って寝よっと
0x11db7767c	0x11db7769c	4.0	ふあぁ ねむい……\n言わないでね
0x11db776a0	0x11db776b4	4.0	あ このことは誰にも
0x11db776b8	0x11db776d8	4.0	いばってるけど ホントは弱虫だよ
0x11db776dc	0x11db776f8	4.0	小人族のガキ大将 マックスは
0x11db776fc	0x11db77704	4.0	エッヘン
0x11db77708	0x11db77720	4.0	ちゃんとあいさつしろよな
0x11db77724	0x11db77758	4.0	小人族のガキ大将 マックス\nかわりにあやまっといてね
0x11db7775c	0x11db77768	4.0	もし会ったら
0x11db7776c	0x11db7778c	4.0	待ち合わせたんだけど行けないんだ
0x11db77790	0x11db777bc	4.0	妖精族のプラムちゃんと\n秘密の場所にあるんだ
0x11db777c0	0x11db777d4	4.0	それは教えられないよ
0x11db777d8	0x11db777f0	4.0	どこに住んでいるかって？
0x11db777f4	0x11db7783c	4.0	ボクたちが\nあそびたい あそびたいよー！！\nうー あそびたい あそびたい
0x11db77840	0x11db77888	4.0	最近 誰もあそんでくれないんだ\nビックリしたー\nわーい わーい\nわっ！！
0x11db7788c	0x11db778a8	4.0	あれ おもしろくなかったかな
0x11db778ac	0x11db778c0	4.0	じつは（実話）ね……
0x11db778c4	0x11db77918	4.0	本当の話をしてあげようか？\n仲間はずれにされるんだ\nボクって小人のくせにオンチだから
0x11db7791c	0x11db77970	4.0	ぐすん ぐすん\nなかなか さまになってるでしょ\nどうボクの歌？\nルールルー ルルルー
0x11db77974	0x11db77988	4.0	ルルルー ルルルルー
0x11db7798c	0x11db779a4	4.0	退屈しないですんでるんだ
0x11db779a8	0x11db779f4	4.0	だからボクらは\nこの塔にはいろんな人間が来るね\n戦士を見たよ 名前は……？？
0x11db779f8	0x11db77a18	4.0	そういえばこの前もっとカッコいい
0x11db77a1c	0x11db77a40	4.0	カッコいいよね\nフリーファイターって
0x11db77a44	0x11db77a5c	4.0	だから一緒にあそぼーよー
0x11db77a60	0x11db77a98	4.0	それがたとえ魔物でもね\nボクらは誰とでも仲良くなれるんだ
0x11db77a9c	0x11db77b14	4.0	なんか信じられないなあ\n妖精族とも仲がよかったんだって\nむかしはボクたちも\nえ 迷惑だって？ そんなあ\nおもしろいでしょ
0x11db77b18	0x11db77b2c	4.0	ボクたちが作ったんだ
0x11db77b30	0x11db77b48	4.0	この塔にある不思議な床は
0x11db77b4c	0x11db77bd4	4.0	知ってた？\n本当は大地の精なんだよ\n小人って呼ばれてるけど\nボクたちは\nぷん ぷん\nウサギが持っていっちゃった\nご飯を食べようと思ったら
0x11db77bd8	0x11db77bec	4.0	バカにしているだけさ
0x11db77bf0	0x11db77c04	4.0	あいつらがボクたちを
0x11db77c08	0x11db77c34	4.0	キライなわけじゃないよ\nボクらは別に妖精族が
0x11db77c38	0x11db77c84	4.0	迷子になっちゃったよー\nうえーん うえーん\n土の中を自由に歩いたりできるんだ
0x11db77c88	0x11db77ca0	4.0	ボクら小人は姿を消したり
0x11db77ca4	0x11db77cd0	4.0	驚いちゃいけないよ\n妖精が空を飛べるからって
0x11db77cd4	0x11db77cec	4.0	でも 盗んだりはしないよ
0x11db77cf0	0x11db77d60	4.0	コインとかペンダントとかね\nなんでも好きなんだ\nボクらは光るモノは\nとっても歌が上手だったんだ\nあそんでくれたよ
0x11db77d64	0x11db77d80	4.0	このまえきれいなお姉ちゃんが
0x11db77d84	0x11db77e14	4.0	すごい足音をならしてたんだ\nズシーン ズシーンって\n見たんだよ\nこの前すっごくおおきい人を\nおもしろくないんだもん\nだってツーンとすましちゃって
0x11db77e18	0x11db77e40	4.0	妖精たちって きらーい\nおしゃべり大好き
0x11db77e44	0x11db77e74	4.0	イタズラ大好き\nボクたちはこの塔に住み着く小人さ
0x11db77e78	0x11db77f1c	4.0	エッヘン エッヘン\nちぇっ ケチぃ！！\nえ ダメなの？\nちょうだい ちょうだい！！\nアーッ かっこいい武器！！\n悩むなんてバカらしいじゃん\n困ったときには歌を歌おう
0x11db77f20	0x11db77f2c	4.0	らんらんらん
0x11db77f30	0x11db77f3c	4.0	るんるんるん
0x11db77f40	0x11db77f54	4.0	あそぼうったら ねえ
0x11db77f58	0x11db77f70	4.0	冒険なんかつまんないよお
0x11db77f74	0x11db77f80	4.0	あそぼうよぉ
0x11db77f84	0x11db77f94	4.0	ねえ ねえ ねえ
0x11db77f98	0x11db77fd8	4.0	セーブしてみたらどうかな？\n一回ここで\n他の場所ではできないのよ
0x11db77fdc	0x11db77ff8	4.0	冒険の記録はセーブ像で行うの
0x11db77ffc	0x11db78010	4.0	これからが本番かな？
0x11db78014	0x11db78044	4.0	毎回、構成が変わっていくの\nこの上のフロアからは
0x11db78048	0x11db7806c	4.0	うまく使ってね\nＬボタンのダッシュを
0x11db78070	0x11db78088	4.0	このフロアには多くいます
0x11db7808c	0x11db780ac	4.0	おいかけてくる敵が\nあ・な・た！
0x11db780b0	0x11db780c0	4.0	しあわせだわぁ…
0x11db780c4	0x11db780d4	4.0	しあわせだなぁ…
0x11db780d8	0x11db780f4	4.0	右上ハジにカギがおいてあるよ
0x11db780f8	0x11db78100	4.0	えへへ…
0x11db78104	0x11db7813c	4.0	逆に進んじゃうのよ\n歩きたい方向と\n上のユカは逆のユカよ
0x11db78140	0x11db78154	4.0	おそくなっちゃうのよ
0x11db78158	0x11db78180	4.0	歩くスピードが\n上のユカは おそいユカよ
0x11db78184	0x11db781a0	4.0	必ず敵が先攻になっちゃうのよ
0x11db781a4	0x11db781e0	4.0	この上で戦うと\n上のユカは不幸のユカよ\n小人になっちゃうのよ
0x11db781e4	0x11db7820c	4.0	ふれると混乱するか\n上のユカは変なユカよ
0x11db78210	0x11db78258	4.0	注意してね\nふれるとダメージなのよ\n上にあるのはドクよ\nこの右なのじゃ！
0x11db7825c	0x11db7826c	4.0	ワープポイントは
0x11db78270	0x11db7827c	4.0	するのじゃ！
0x11db78280	0x11db78288	4.0	ワープを
0x11db7828c	0x11db78298	4.0	やられるぜ！
0x11db7829c	0x11db78348	4.0	敵に背中を向ければ\n敵との接触は正面から行え！\n武器を使いわけるのも手だぞ\n敵によって\n武器にも有効な敵がある\n人によって得意な敵がいるように\n強くなったのは確認できるがな
0x11db7834c	0x11db7835c	4.0	ステータス画面で
0x11db78360	0x11db78374	4.0	強さを感じるものだ…
0x11db78378	0x11db7839c	4.0	武器とは使いながら\nなんだ そりゃ？
0x11db783a0	0x11db783b4	4.0	えっ？攻撃力の表示？
0x11db783b8	0x11db783f8	4.0	装備ができる…\n使いこなせる武器は\n使いこなせなきゃタダのゴミだ
0x11db783fc	0x11db78444	4.0	手に入れたからって\n武器にもレベルがある！\n健康管理はマメにしなきゃネ！
0x11db78448	0x11db7845c	4.0	△ボタンでステータス
0x11db78460	0x11db78470	4.0	呪われていない？
0x11db78474	0x11db7848c	4.0	あんた…病気していない？
0x11db78490	0x11db784cc	4.0	病気になるぞ！\n変なモノを食べると\n体力回復できるけど………
0x11db784d0	0x11db784e0	4.0	食べ物を食べると
0x11db784e4	0x11db784f4	4.0	よーく考えてね！
0x11db784f8	0x11db78530	4.0	いらないものを持ってないかい？\n持って歩くことができるよ
0x11db78534	0x11db78548	4.0	アイテムは２０個まで
0x11db7854c	0x11db7857c	4.0	歩くとダッシュになるワ\nＬボタンを押し続けながら
0x11db78580	0x11db7858c	4.0	ウフフフフ…
0x11db78590	0x11db785ac	4.0	ナナメのスキマから通るって？
0x11db785b0	0x11db785c8	4.0	アタイはここをどかないよ
0x11db785cc	0x11db785f8	4.0	ウフフフフ…………\nナナメのスキマは重要だゼ
0x11db785fc	0x11db78618	4.0	ナナメのスキマは通れるんだゼ
0x11db7861c	0x11db7864c	4.0	この部屋の左下みたいな\nいいことを教えてやろう…
0x11db78650	0x11db78658	4.0	フフフ…
0x11db7865c	0x11db786b4	4.0	でも ぼくは穴をほり続けるぞ！\nそしたら こんな大きな部屋に…\nカベに穴をほり続けたんだ
0x11db786b8	0x11db786d0	4.0	タワーにマドを開けようと
0x11db786d4	0x11db786e0	4.0	がんばってね
0x11db786e4	0x11db78710	4.0	土の中って気がするよなぁ…\n気がしないなぁ…
0x11db78714	0x11db78728	4.0	なんかタワーの中って
0x11db7872c	0x11db78734	4.0	イエィ！
0x11db78738	0x11db78780	4.0	ネバネバしているなぁ…\nヤッシーのまわりは\nこの部屋は ぼくが作ったんだ
0x11db78784	0x11db7879c	4.0	ぼくは小人のヤッシーくん
0x11db787a0	0x11db787b0	4.0	冒険しているんだ
0x11db787b4	0x11db787e0	4.0	ぼくはＲボタンを押して\nあれってジャマだよね
0x11db787e4	0x11db787fc	4.0	画面の上にある表示部分…
0x11db78800	0x11db7881c	4.0	方向キーを入れるといいんだよ
0x11db78820	0x11db78878	4.0	つまり進みたい方向と逆側に\n逆になるみたいだよ\nカエルのユカの上では動きが\nちくしょう！
0x11db7887c	0x11db78898	4.0	しかしトビラが開かないんだ！
0x11db7889c	0x11db788dc	4.0	左にあるのがフロアの出口…\nレベルが高いぞ\n例えば下にある宝箱は
0x11db788e0	0x11db788f4	4.0	１つ１つレベルも違う
0x11db788f8	0x11db78910	4.0	宝箱には色々な種類があり
0x11db78914	0x11db78954	4.0	う、うらやましいなぁ…\nシーフやアイテムハンター！\n得意な奴ら…
0x11db78958	0x11db78994	4.0	宝箱を開けることが\nイタタタ…\n注意レベルの低い者は特にな！
0x11db78998	0x11db789d0	4.0	宝箱のワナには注意が必要だ\nその間、時間は止まってるベシ
0x11db789d4	0x11db789f0	4.0	△ボタンでアイテムを選ぶベシ
0x11db789f4	0x11db78a44	4.0	アイテムを使うには\nやってみろ\n宝箱はブッたたけば開くゾイ\n宝箱がおちているゾイ
0x11db78a48	0x11db78a74	4.0	塔の中には\nみんな同じ様なマントをきているぜ
0x11db78a78	0x11db78a90	4.0	俺達もお前と同じ挑戦者だ
0x11db78a94	0x11db78aac	4.0	たおした…んだけどなぁ…
0x11db78ab0	0x11db78ac8	4.0	敵は全て俺達がたおした！
0x11db78acc	0x11db78ad8	4.0	くやしいダス
0x11db78adc	0x11db78b0c	4.0	あきらめて帰るところだ\nどうしても上に行けない！
0x11db78b10	0x11db78b28	4.0	あそこと ここですかねぇ
0x11db78b2c	0x11db78b74	4.0	でもって好きなところは\nあそこと あそこですね\nこのタワーの悪いところは
0x11db78b78	0x11db78b94	4.0	研究しているタワー評論家です
0x11db78b98	0x11db78bb0	4.0	わたくしは全国のタワーを
0x11db78bb4	0x11db78be4	4.0	中身は全然ちがうんだぜっ！\nだから同じにみえるが
0x11db78be8	0x11db78c1c	4.0	みなマントをつけている\n戦士も魔法使いもタワー内では
0x11db78c20	0x11db78c30	4.0	プニプニしててね
0x11db78c34	0x11db78c50	4.0	いや〜意外にうまいんですよ〜
0x11db78c54	0x11db78c84	4.0	こけだんごを食べてみました\nグルメレベルを上げて
0x11db78c88	0x11db78cbc	4.0	じっくり一生かけて楽しむぜ\n俺は好きだな このタワー
0x11db78cc0	0x11db78cd8	4.0	このタワーに入ってみたが
0x11db78cdc	0x11db78cec	4.0	あまり期待せずに
0x11db78cf0	0x11db78d0c	4.0	このタワーいいじゃないですか
0x11db78d10	0x11db78d24	4.0	やりこめば なかなか
0x11db78d28	0x11db78d40	4.0	おもしろくなってきました
0x11db78d44	0x11db78d60	4.0	私はたびびとですよ ガハハハ
0x11db78d64	0x11db78d74	4.0	えっ？私ですか？
0x11db78d78	0x11db78d90	4.0	魔法戦士、エルフナイト…
0x11db78d94	0x11db78db0	4.0	オーラファイター、ソーサラー
0x11db78db4	0x11db78dc4	4.0	わかってきました
0x11db78dc8	0x11db78df8	4.0	ここにきて色々な番号が\n持っておくといいだろう…
0x11db78dfc	0x11db78e34	4.0	ゴミアイテムもダミーとして\nこわしてくるヤツもいるからな
0x11db78e38	0x11db78e54	4.0	モンスターの中にはアイテムを
0x11db78e58	0x11db78e74	4.0	ドラゴンブレイクで戦うとかな
0x11db78e78	0x11db78ea4	4.0	例えばドラゴンには\n戦う前に持ちかえるんだ！
0x11db78ea8	0x11db78ec0	4.0	剣は何本か集めて敵ごとに
0x11db78ec4	0x11db78f10	4.0	ひどい目にあったよなぁ トホホ\nそしたら別の場所に運ばれて\nねむったんだよ…
0x11db78f14	0x11db78f2c	4.0	この前ヘンテコなベッドで
0x11db78f30	0x11db78f4c	4.0	ゆっくりと考えることにします
0x11db78f50	0x11db78f5c	4.0	まあ長い人生
0x11db78f60	0x11db78f78	4.0	新しい番号でやり直すか…
0x11db78f7c	0x11db78f98	4.0	このままタワーをのぼるべきか
0x11db78f9c	0x11db78fd0	4.0	先に進めませんよ ブルブル\nなんだか急にこわくなって
0x11db78fd4	0x11db78ff0	4.0	セーブロッドがこわれたんです
0x11db78ff4	0x11db79004	4.0	きいてください！
0x11db79008	0x11db79024	4.0	やってみると味わいがあるよな
0x11db79028	0x11db79040	4.0	しかしフリーファイターも
0x11db79044	0x11db79078	4.0	フリーファイターをしている\n番号がわからなかったんで
0x11db7907c	0x11db79090	4.0	なりたかったんだが…
0x11db79094	0x11db790cc	4.0	俺は本当はアーマーナイトに\nリターンロッドを使うといいぜ
0x11db790d0	0x11db790e4	4.0	お前もヤバくなったら
0x11db790e8	0x11db79100	4.0	俺のＨＰは９００以上だ！
0x11db79104	0x11db79140	4.0	じまんさせてもらうけど\n楽しんでるのよ\nじっくりこのタワーを
0x11db79144	0x11db79178	4.0	わたしは ゆうぼくみんなの\nマントでわかりづらいけど
0x11db7917c	0x11db791d0	4.0	後もどりもできないしなぁ…\n敵が強くて先にすすめません\nここまで やってきたのですが
0x11db791d4	0x11db791e4	4.0	何とかがんばって
0x11db791e8	0x11db79210	4.0	呪いはウソだよ わはははは\nなーんてな！
0x11db79214	0x11db79248	4.0	お前に呪いをかけてやるぜ…\n俺はこう見えても呪術師だ
0x11db7924c	0x11db79258	4.0	別に何もない
0x11db7925c	0x11db79298	4.0	しかばねだ\n……ような気がした\n前回のプレーヤーの力を得た！
0x11db7929c	0x11db792b8	4.0	お前にたくそう\nわたしの力を
0x11db792bc	0x11db792c4	4.0	「無念」
0x11db792c8	0x11db792f4	4.0	文字がきざまれている…\nしかばねの横のユカに
0x11db792f8	0x11db79320	4.0	あなたの顔が変だったから…\nごめんなさい
0x11db79324	0x11db79354	4.0	キャハハハハハ キャハ\nでもタワーを登り続ける…
0x11db79358	0x11db79374	4.0	あなたは何も知らないのですね
0x11db79378	0x11db793d4	4.0	変な名前だよね\n「ジゴク」ですって\nなんて呼んでいるのか知ってる？\n別の世界の人がこの世界を
0x11db793d8	0x11db79438	4.0	そして世界の５つのタワーは\n「つみびと」の世界なのです\nこの世界は\n男のフェアリーもいるんだぜ！
0x11db7943c	0x11db79454	4.0	１００人にひとりくらいは
0x11db79458	0x11db79474	4.0	おやじなんで おどろいたろ？
0x11db79478	0x11db794a0	4.0	ガハハハハ\nおねえさん達を探してきいてね
0x11db794a4	0x11db794e8	4.0	だから別の世界のことは\nわたしは まだ子供なの\n「つぐない」なのです
0x11db794ec	0x11db794f8	4.0	しかしそれは
0x11db794fc	0x11db79584	4.0	のぼるのは つらく苦しい…\nどこまでも続くタワーを\nゆっくりと考えなさい…\nその意味を\n別の世界で生きていたのです\nあなたは生まれる前に
0x11db79588	0x11db795a4	4.0	何も しゃべりたくありません
0x11db795a8	0x11db795fc	4.0	あなたとは\nゴミだから すぐ捨てよう！\nもし もっていたら\nさびた剣ってもっている？
0x11db79600	0x11db7962c	4.0	しまっておこう！イエ〜イ！\nメダルは使わずに
0x11db79630	0x11db79660	4.0	敵と戦ってみよう！イエイ！\nガイコツマークの上で
0x11db79664	0x11db79680	4.0	敵とぶつかってみよう！ワオ！
0x11db79684	0x11db79690	4.0	せなかむきに
0x11db79694	0x11db7969c	4.0	だから…
0x11db796a0	0x11db79714	4.0	人間のやる気を食べて生きている\nぼくらシロウサギは\nはじめから やり直したら？\nキャラクターだねぇ\nずいぶんショボい
0x11db79718	0x11db79730	4.0	グチるのも また人生だよ
0x11db79734	0x11db79740	4.0	やめちゃって
0x11db79744	0x11db79760	4.0	君じゃ このタワーはムリだよ
0x11db79764	0x11db79794	4.0	もうやめちゃいなよ\nムリだから あきらめちゃえ〜
0x11db79798	0x11db797b0	4.0	君には このタワーはムリ
0x11db797b4	0x11db797c4	4.0	あきらめちゃえ〜
0x11db797c8	0x11db797ec	4.0	あきらめちゃえ\nリターンロッドじゃ！
0x11db797f0	0x11db797fc	4.0	それはズバリ
0x11db79800	0x11db79810	4.0	アイテムは何か？
0x11db79814	0x11db79828	4.0	しかし一番すばらしい
0x11db7982c	0x11db79840	4.0	アイテムが眠っている
0x11db79844	0x11db79858	4.0	このタワーには様々な
0x11db7985c	0x11db79864	4.0	オロオロ
0x11db79868	0x11db7989c	4.0	ああ…まよってしまった\nずいぶんとジジイになったなぁ
0x11db798a0	0x11db798bc	4.0	タワーに入って はや１０年…
0x11db798c0	0x11db798d8	4.0	これが生き残るコツじゃよ
0x11db798dc	0x11db798f0	4.0	ゆっくり考えて行動！
0x11db798f4	0x11db79948	4.0	だまされたのじゃろうか…トホホ\nでもトイレはどこにもない！\nこのタワーに入ったのじゃ
0x11db7994c	0x11db79964	4.0	私は伝説のトイレを探して
0x11db79968	0x11db79980	4.0	ジジイになっちまったがな
0x11db79984	0x11db799b8	4.0	何回もこのタワーに入るうち\nアーマーナイトなんじゃ！
0x11db799bc	0x11db799e4	4.0	わしはこう見えても\nあれは意味不明じゃよ
0x11db799e8	0x11db79a34	4.0	こちらを攻撃してこないヤツ\n研究しているのじゃが…\nわたしは長年モンスターを
0x11db79a38	0x11db79a4c	4.0	生活しているのじゃよ
0x11db79a50	0x11db79a64	4.0	今はここで しずかに
0x11db79a68	0x11db79a78	4.0	あきらめたのじゃ
0x11db79a7c	0x11db79a94	4.0	わしはタワーをのぼるのは
0x11db79a98	0x11db79b14	4.0	考えごとをしてるんだから…\nはなしかけないでよ\nどうか お気をつけて…\nこんにちは たびのひと\nこの中ではノンビリいきましょ
0x11db79b18	0x11db79b30	4.0	外の世界じゃアレなんだし
0x11db79b34	0x11db79b50	4.0	わたしに言わせりゃアホですな
0x11db79b54	0x11db79b6c	4.0	あわただしく生きる人間！
0x11db79b70	0x11db79b84	4.0	ああ…しあわせだなぁ
0x11db79b88	0x11db79ba4	4.0	ゆっくり のんびり じっくり
0x11db79ba8	0x11db79bb4	4.0	しあわせです
0x11db79bb8	0x11db79bd0	4.0	なにごとも 楽しめる人は
0x11db79bd4	0x11db79bec	4.0	だから どっかにいってよ
0x11db79bf0	0x11db79c0c	4.0	ぼくはそんな人間がキライだ！
0x11db79c10	0x11db79c4c	4.0	のんびりしているとダメあつかい\nお金のために生きている人間は
0x11db79c50	0x11db79c6c	4.0	きのう食べたパンのせいだブウ
0x11db79c70	0x11db79c8c	4.0	まだブタのクセが残ってるブウ
0x11db79c90	0x11db79c98	4.0	ブブブー
0x11db79c9c	0x11db79cac	4.0	ブーブーブーブー
0x11db79cb0	0x11db79ccc	4.0	みたいだけど…どうするんだろ
0x11db79cd0	0x11db79d18	4.0	さびた剣から作りだした\nもっていた人間がいたよ\nこの前すごく強そうな剣を
0x11db79d1c	0x11db79d7c	4.0	こわれちゃいました トホホ\n調子にのって使いまくったら\nユニコーンロッド…\nふると体力が回復する
0x11db79d80	0x11db79db4	4.0	働いているとしか おもえません\nなにやら不思議な力が
0x11db79db8	0x11db79de8	4.0	中がかわるのはナゼか？\nプレイするごとにタワーの
0x11db79dec	0x11db79e08	4.0	聖神コリーアさまのおかげかな
0x11db79e0c	0x11db79e28	4.0	そしたらお化けは消えちゃった
0x11db79e2c	0x11db79ec0	4.0	おもわず お祈りをしたんだ\nこの前お化けが出てきたんで\nこうかを調べておくべきだな\nヨユウのある時にふんで\n絵がかかれている場所がある\nユカに何やら
0x11db79ec4	0x11db79ee0	4.0	グルメレベルがひくいのかなぁ
0x11db79ee4	0x11db79f00	4.0	だけどたべられない子もいるよ
0x11db79f04	0x11db79f18	4.0	ねずみのしっぽ だよ
0x11db79f1c	0x11db79f5c	4.0	ぼくの一番スキなたべものは\nふられちゃったんですかねぇ\nやっぱり
0x11db79f60	0x11db79f74	4.0	彼女はやってこない…
0x11db79f78	0x11db7a024	4.0	まてども まてども\nつくったんだってさ\nでも人間は別の世界の神様が\nぼくらノームをつくったんだ\nこの世界の神様ムゲンは\n使えば正体がわかるらしいよ\nしかし まほうのといしを
0x11db7a028	0x11db7a074	4.0	石化しているものもある\n剣やロッドには さびついて\nどっちつかずってことだね
0x11db7a48d	0x11db7a4c0	1049.0	この技は使えません\n現在の状態では\n何もしません
0x11db7a4c4	0x11db7a4d4	4.0	敵を斬りさきます
0x11db7a4d8	0x11db7a534	4.0	正義と愛を力に変え\n敵にたたきこみます\n力のかぎりの一撃を\n敵を攻撃します\nゾンビを呼びだし
0x11db7a538	0x11db7a558	4.0	おたけびをあげます\n天にむかって
0x11db7a55c	0x11db7a568	4.0	敵のＨＰ吸収
0x11db7a56c	0x11db7a57c	4.0	ドレインタッチで
0x11db7a580	0x11db7a5fc	4.0	ＨＰを１０失います\n敵を回転して投げとばす\n自分もかなりのダメージ\n必殺の月光連打\n相手を混乱させます\nおかしな行動をとって
0x11db7a600	0x11db7a63c	4.0	攻撃をおこないます\n分身をして３人がかりで\nほほえみかけます
0x11db7a640	0x11db7a64c	4.0	敵にやさしく
0x11db7a650	0x11db7a65c	4.0	戦ってくれる
0x11db7a660	0x11db7a670	4.0	攻撃君がかわりに
0x11db7a674	0x11db7a680	4.0	うけてくれる
0x11db7a684	0x11db7a6a8	4.0	身がわり君が敵の攻撃を\n入れ換えます
0x11db7a6ac	0x11db7a6c0	4.0	サイコロの結果内容を
0x11db7a6c4	0x11db7a724	4.0	敵を味見します\n世界をたたえる神歌\nぐるぐる回って敵を斬る\n海の男達の攻撃方法\n自分の呪いを敵に
0x11db7a728	0x11db7a750	4.0	を１枚ひきます\n「ワールド」というカード
0x11db7a754	0x11db7a798	4.0	敵に手品を見せます\n何者かの登場を祈ります\nＨＰを１〜２００失います
0x11db7a79c	0x11db7a7b0	4.0	はげしい炎で敵を攻撃
0x11db7a7b4	0x11db7a7e4	4.0	体力回復をおこないます\n聖なる力とアイテムにより
0x11db7a7e8	0x11db7a7f4	4.0	敵と戦います
0x11db7a7f8	0x11db7a80c	4.0	めちゃくちゃな攻撃で
0x11db7a810	0x11db7a818	4.0	敵を攻撃
0x11db7a81c	0x11db7a868	4.0	自然の力を操り\n敵の前でおどりだす\n何者かを呼びよせる\nユニコーンを呼ぶ口笛
0x11db7a86c	0x11db7a87c	4.0	ＨＰを１００使う
0x11db7a880	0x11db7a898	4.0	風の力を活かし５連続攻撃
0x11db7a89c	0x11db7a8b0	4.0	ゴースト等を倒します
0x11db7a8b4	0x11db7a8cc	4.0	剣装備中なら聖なる波動で
0x11db7a8d0	0x11db7a8e8	4.0	ただし攻撃毎にＨＰ−２０
0x11db7a8ec	0x11db7a904	4.0	敵が死ぬまで攻撃し続ける
0x11db7a908	0x11db7a918	4.0	敵にキスをします
0x11db7a91c	0x11db7a944	4.0	はずすと次に大ダメージ\n敵を一撃で倒すが
0x11db7a948	0x11db7a95c	4.0	波動を敵にあびせます
0x11db7a960	0x11db7a9e0	4.0	命の力を解放して生ずる\n様々なことがおこります\n自然をたたえる聖歌\nゆるしてもらいます\n敵を口説きます\n自分のＨＰを半分失います
0x11db7a9e4	0x11db7a9f8	4.0	聖なる波動で敵を攻撃
0x11db7a9fc	0x11db7aa14	4.0	１０回連続 攻撃をします
0x11db7aa18	0x11db7aa30	4.0	自分も０〜１００ダメージ
0x11db7aa34	0x11db7aa74	4.0	はげしい一撃で敵を斬る\nダメージとして与えます\n自分の病気を敵に
0x11db7aa78	0x11db7aabc	4.0	ＨＰを４０使います\n電撃を指先より発します\nささげ 体力の回復を行う
0x11db7aac0	0x11db7aad8	4.0	アイテムを聖神コリーアに
0x11db7aadc	0x11db7aaf8	4.0	２回連続で行う\n自分の攻撃を
0x11db7aafc	0x11db7ab14	4.0	病気になることもあります
0x11db7ab18	0x11db7ab7c	4.0	敵を食べてしまいますが\n商談を行う\n敵にアイテムを渡し\nたまに体力を回復します\n母なる大地の歌を歌う
0x11db7ab80	0x11db7ab9c	4.0	ぬすみます\n敵からアイテムを
0x11db7aba0	0x11db7abb8	4.0	役立てて敵に攻撃をします
0x11db7abbc	0x11db7abd0	4.0	持っているアイテムを
0x11db7abd4	0x11db7abe4	4.0	霊を成仏させます
0x11db7be93	0x11db7bea4	4783.0	みごと着地をした
0x11db7bea8	0x11db7bebc	4.0	祈りはとどかなかった
0x11db7bec0	0x11db7bf08	4.0	ｃ は霊ではない…\n「もう、どうでもいいやー」\nすべてがめんどうになった
0x11db7bf0c	0x11db7bf20	4.0	 てーんさーいだー」
0x11db7bf24	0x11db7bf54	4.0	「ぼーくは かっこいい\n自分をたたえる歌を歌った
0x11db7bf58	0x11db7bf80	4.0	「ふっ きまった」\n自分にほれぼれとした
0x11db7bf84	0x11db7bfa8	4.0	「スヤスヤ…」\nふかいねむりについた
0x11db7bfac	0x11db7bfd4	4.0	ポーズをとった\nかっこいいポーズを考えた
0x11db7bfd8	0x11db7bfe4	4.0	「イヤ〜ン」
0x11db7bfe8	0x11db7c010	4.0	エッチなことをそうぞうした\n「ぷぷぷっ」
0x11db7c014	0x11db7c064	4.0	思い出し笑いをした\nしかし、それどころではなかった\nゆっくりと考えごとをしてみた
0x11db7c068	0x11db7c0cc	4.0	その場にたたずんでいる\nしかし攻撃はあたらなかった\n反動でｅのダメージをうけた\nまっぷたつになった！
0x11db7c0d0	0x11db7c128	4.0	マルス カーット！\n攻撃で天地がゆらぐ！！\n動かない！\nｃ の体は\nまわりに炎がうずまく
0x11db7c12c	0x11db7c144	4.0	かんたんによけてしまった
0x11db7c148	0x11db7c160	4.0	まともにくらってしまった
0x11db7c164	0x11db7c1a8	4.0	いちげきをあびせかける\nえいようになった！\nゾンビはドロドロにとけた
0x11db7c1ac	0x11db7c1c8	4.0	しめつけられた\nだきついた！
0x11db7c1cc	0x11db7c1e8	4.0	ゾンビはｃ に\nくずれ落ちた
0x11db7c1ec	0x11db7c254	4.0	しかしゾンビはその場に\nゾンビを呼びよせた\nザビレダブータリア\nきばりすぎてコシをいためた\n「ゴキッ！」
0x11db7c258	0x11db7c2d0	4.0	そのはくりょくにあっとうされた\nしかし何もおこらなかった…\nうららららーっ\nしかし かわされた\nｅ吸収した\nｃ の生気を
0x11db7c2d4	0x11db7c2f4	4.0	ドレインタッチだ！\nｃ にふれた
0x11db7c2f8	0x11db7c33c	4.0	１０ のダメージを受けた！\n地面にたたきつけられた\nやまあらし だー
0x11db7c340	0x11db7c35c	4.0	幻の必殺技\nｃ と組み合った
0x11db7c360	0x11db7c3b0	4.0	しかし ａ も\n月光１０連打！\n間合いを広げた\n自分がこんらんした\nおこりだした
0x11db7c3b4	0x11db7c3ec	4.0	こんらんしたようだ\n変なことをした\n３人がかりで攻撃した
0x11db7c3f0	0x11db7c3fc	4.0	３人になった
0x11db7c400	0x11db7c42c	4.0	どろろん！\nぶんしん！\n走って逃げてしまった
0x11db7c430	0x11db7c440	4.0	アイテムをおいて
0x11db7c444	0x11db7c470	4.0	はにかんでいる\nきかなかったようだ\nｃ には
0x11db7c474	0x11db7c4c8	4.0	ぶきみな笑みをうかべている\nほほえみかけてみた\n攻撃君のすごい攻撃\n「オイラが倒す」
0x11db7c4cc	0x11db7c4e4	4.0	攻撃君は しょうめつした
0x11db7c4e8	0x11db7c518	4.0	攻撃君は ころんでしまった\n「オイラにまかせ…」
0x11db7c51c	0x11db7c530	4.0	「オイラにまかせて」
0x11db7c534	0x11db7c574	4.0	攻撃君が現れた\n攻撃君を呼んでみた\n身がわり君は しょうめつした
0x11db7c578	0x11db7c614	4.0	身がわり君が攻撃を受けてくれた\n「え〜い」\n身がわり君が現れた\n「は〜い」\n「身がわりくーん」\n身がわり君を呼んでみた\n「チェンジ！」\nチェンジをして攻撃！
0x11db7c618	0x11db7c648	4.0	体力は回復した\nうっ、うまい！\nベロベロベロベロ
0x11db7c64c	0x11db7c658	4.0	病気になった
0x11db7c65c	0x11db7c66c	4.0	顔色が悪くなった
0x11db7c670	0x11db7c688	4.0	気もち悪がって逃げだした
0x11db7c68c	0x11db7c69c	4.0	ｃ をなめてみた
0x11db7c6a0	0x11db7c6e0	4.0	歌はあたりにひびきわたった\n体に力がみなぎった\n光につらぬかれた
0x11db7c6e4	0x11db7c710	4.0	不思議な光を発した\n大地をてらす太陽のように
0x11db7c714	0x11db7c728	4.0	大空を飛ぶ鳥のように
0x11db7c72c	0x11db7c758	4.0	空と光の歌を歌った\n病気レベルが１０上がった
0x11db7c75c	0x11db7c774	4.0	目を回した\n身をかわした
0x11db7c778	0x11db7c790	4.0	回ったまま体当たりをした
0x11db7c794	0x11db7c7e4	4.0	ぐるぐる回り始めた\n呪いの言葉をつぶやいた\nたましいをすいとられた\n死のカードに
0x11db7c7e8	0x11db7c7f8	4.0	死のカードだ！！
0x11db7c7fc	0x11db7c878	4.0	黒のカードは…\n黒のカードを引いた\n体力が回復した\n正義のカードだ！！\n白のカードは…\n白のカードを引いた\n血のカードだ！！
0x11db7c87c	0x11db7c94c	4.0	赤のカードは…\n赤のカードを引いた\nあわてて逃げだした\nコインマジックをひろうした\n見ていなかった\n目を丸くして逃げだした\nカードマジックをひろうした\nノグノグは去っていった\n「ノグ？」\nノグノグがあらわれた
0x11db7c950	0x11db7c95c	4.0	はこんできた
0x11db7c960	0x11db7c974	4.0	ささやかなしあわせを
0x11db7c978	0x11db7c9a0	4.0	「ヒュ〜〜〜」\nリトルスノーがあらわれた
0x11db7c9a4	0x11db7c9b4	4.0	体力が全回復した
0x11db7c9b8	0x11db7c9f0	4.0	「祈りなさい」\nミス ホワイトがあらわれた\n祈りはじめた
0x11db7c9f4	0x11db7ca10	4.0	全ての炎がはね返ってきました
0x11db7ca14	0x11db7ca24	4.0	炎にまきこまれた
0x11db7ca28	0x11db7ca34	4.0	もえあがった
0x11db7ca38	0x11db7ca4c	4.0	爆炎の呪文をとなえた
0x11db7ca50	0x11db7ca80	4.0	しかし 何もおこらなかった\nアイテムが消えていく
0x11db7ca84	0x11db7cad8	4.0	体に力がみなぎっていく\n聖回復の呪文をとなえた\n武器をふりまわした\n大やけどをおった
0x11db7cadc	0x11db7caf4	4.0	身をひるがえしてかわした
0x11db7caf8	0x11db7cb3c	4.0	敵にとっしんしていった\n自分の体に火をはなった\nこうなりゃ、やけだー
0x11db7cb40	0x11db7cb48	4.0	うぉ〜〜
0x11db7cb4c	0x11db7cb58	4.0	身をかまえた
0x11db7cb5c	0x11db7cbb4	4.0	全員、ずぶぬれになった\n突然、大雨がふってきた\n別に何もおこらなかった\n大地が少しゆれた
0x11db7cbb8	0x11db7cbc8	4.0	ｃ を飲み込んだ
0x11db7cbcc	0x11db7cbf4	4.0	大地がはげしくゆれ\n太古の神々にいのった
0x11db7cbf8	0x11db7cc3c	4.0	きげんが悪くなった\nコシをいためてしまった\nまんぞくして帰っていった
0x11db7cc40	0x11db7cc88	4.0	はげしくおどりだした！\n あつい俺のおどりをっ！」\n「俺のおどりを見ろ！
0x11db7cc8c	0x11db7cca0	4.0	変なおどりをおどった
0x11db7cca4	0x11db7ccbc	4.0	きまぐれ君はさっていった
0x11db7ccc0	0x11db7cccc	4.0	「またね！」
0x11db7ccd0	0x11db7cd00	4.0	きまぐれ君があらわれた\nきまぐれ獣に足をふまれた
0x11db7cd04	0x11db7cd18	4.0	きまぐれ獣にかまれた
0x11db7cd1c	0x11db7cdb4	4.0	きまぐれ獣があらわれた\nきまぐれまじんにふっとばされた\nきまぐれまじんにつぶされた\nきまぐれまじんがあらわれた\n大声でさけんだ\n０Ｐのダメージをあたえた
0x11db7cdb8	0x11db7cdd8	4.0	ホヘホヘは\nホヘホヘを呼びだした
0x11db7cddc	0x11db7ce00	4.0	ノグノグは帰っていった\n「じゃ！！」
0x11db7ce04	0x11db7ce18	4.0	ノグノグを呼びだした
0x11db7ce1c	0x11db7ce2c	4.0	体力がｅ回復した
0x11db7ce30	0x11db7ce54	4.0	ユニコーンを呼びだした\n口笛を吹いた
0x11db7ce58	0x11db7ce70	4.0	１００のダメージをうけた
0x11db7ce74	0x11db7cea4	4.0	はげしい疾風によりダメージ\n疾風の呪文をとなえた
0x11db7cea8	0x11db7cf04	4.0	ｃ を攻撃\n聖なる力で\n祈りながら剣をかまえた\n２０のダメージをうけた\nせいぎょができない！
0x11db7cf08	0x11db7cf10	4.0	パワーの
0x11db7cf14	0x11db7cf1c	4.0	剣魔連撃
0x11db7cf20	0x11db7cf54	4.0	決意をかためた\n１０のダメージをうけた\n口がかぶれた
0x11db7cf58	0x11db7cf90	4.0	どうやら病気になったようだ\nきもちわるくなった\nしかし…
0x11db7cf94	0x11db7cfac	4.0	はずかしそうに逃げだした
0x11db7cfb0	0x11db7cfc0	4.0	デレーとしている
0x11db7cfc4	0x11db7cfd4	4.0	ｃ にキスをした
0x11db7cfd8	0x11db7cfe4	4.0	天地破滅斬！
0x11db7cfe8	0x11db7cffc	4.0	この一撃にかけている
0x11db7d000	0x11db7d014	4.0	剣・魔・合成波っ！！
0x11db7d018	0x11db7d02c	4.0	命の力を魔力に変えた
0x11db7d030	0x11db7d08c	4.0	その場をたちさった\n戦うきりょくをなくした\n清らかな風がふいてきた\nおどりながら たちさった
0x11db7d090	0x11db7d0a8	4.0	ふしぎな音楽がながれだす
0x11db7d0ac	0x11db7d110	4.0	白い白い風の中で…\nやさしい大地で 眠りなさい\n花と風の歌を歌った\nわたせるアイテムがない\nａ には
0x11db7d114	0x11db7d138	4.0	きょうみをしめさない！\n去っていった
0x11db7d13c	0x11db7d154	4.0	よろこんでいる\nｃ は…
0x11db7d158	0x11db7d168	4.0	ｇ をてわたした
0x11db7d16c	0x11db7d184	4.0	 いや〜これでもどうぞ」
0x11db7d188	0x11db7d190	4.0	「ｃさん
0x11db7d194	0x11db7d1a8	4.0	急にペコペコしだした
0x11db7d1ac	0x11db7d204	4.0	 ａさん」\n「す…好きです\nドギマギしてる\n逃げだした\nてれている\nわかってくれなかった
0x11db7d208	0x11db7d228	4.0	ｃ を口説いた\nｃ をおそう！！
0x11db7d22c	0x11db7d238	4.0	聖なる波動が
0x11db7d23c	0x11db7d248	4.0	強く念じた！
0x11db7d24c	0x11db7d260	4.0	呪いレベルが０なので
0x11db7d264	0x11db7d274	4.0	この技は使えない
0x11db7d278	0x11db7d28c	4.0	病気レベルが０なので
0x11db7d290	0x11db7d2a0	4.0	超・連続攻撃！！
0x11db7d2a4	0x11db7d2b0	4.0	爆・裂・斬！
0x11db7d2b4	0x11db7d2bc	4.0	さけんだ
0x11db7d2c0	0x11db7d2e0	4.0	ゲットした\nアイテム取りを行った
0x11db7d2e4	0x11db7d2f8	4.0	病魔の呪文をとなえた
0x11db7d2fc	0x11db7d330	4.0	呪文をかわした\nしかし ｃ は\n電撃の呪文をとなえた
0x11db7d334	0x11db7d3c4	4.0	この技は使えなかった…\nアイテムがないので\n何もおこらなかった\n ｇをささげます」\n「聖神コリーアよ あなたに\n連続攻撃！\n病気になってしまった
0x11db7d3c8	0x11db7d3d8	4.0	呪われてしまった
0x11db7d3dc	0x11db7d3e8	4.0	変な味がした
0x11db7d3ec	0x11db7d400	4.0	とても おいしかった
0x11db7d404	0x11db7d410	4.0	ｃ を食べた
0x11db7d414	0x11db7d430	4.0	アイテムをくれて去っていった
0x11db7d434	0x11db7d44c	4.0	なっとくして去っていった
0x11db7d450	0x11db7d468	4.0	ものすごくよろこんでいる
0x11db7d46c	0x11db7d490	4.0	きにいらなかったようだ\nしかしｃ は
0x11db7d494	0x11db7d4a8	4.0	アイテムが なかった
0x11db7d4ac	0x11db7d4c8	4.0	商談をもちかけようとしたが…
0x11db7d4cc	0x11db7d4dc	4.0	商談をもちかけた
0x11db7d4e0	0x11db7d4f4	4.0	しかし何もおこらない
0x11db7d4f8	0x11db7d524	4.0	体力がｅ回復！\nあたりをてらす\n不思議な光が
0x11db7d528	0x11db7d558	4.0	みんなをやさしくてらすのよ\nやさしい歌は 母の声
0x11db7d55c	0x11db7d56c	4.0	大地の歌を歌った
0x11db7d570	0x11db7d5b0	4.0	しかし 何もぬすめなかった\nうまくぬすみだした\nぬすみを 働いた
0x11db7d5b4	0x11db7d5d8	4.0	あまり効果がなかった…\nｃ を倒した
0x11db7d5dc	0x11db7d64c	4.0	ダメージをあたえた\n戦いに役立てます！\n何も考えつかなかった…\n知恵をふりしぼった\nしかし 祈りはとどかなかった
0x11db7d650	0x11db7d664	4.0	聖神コリーアに祈った
0x11db7d6bc	0x11db7d6dc	88.0	〆〇〜…‘’‥“”（）〔〕［］｛
0x11db7e30c	0x11db7e31c	3120.0	 どくろの宝箱 
0x11db7e320	0x11db7e340	4.0	    レベル\n  宝箱    
0x11db7e344	0x11db7e364	4.0	  セーブの像\n        
0x11db7e368	0x11db7e378	4.0	 ベッドゴーレム
0x11db7e37c	0x11db7e38c	4.0	パン屋のユウさん
0x11db7e390	0x11db7e3a0	4.0	  トイレ   
0x11db7e3a4	0x11db7e3b4	4.0	    神   
0x11db7e3b8	0x11db7e3c8	4.0	 クイーンローズ
0x11db7e3cc	0x11db7e3dc	4.0	   ギャプ  
0x11db7e3e0	0x11db7e3f0	4.0	   マンビー 
0x11db7e3f4	0x11db7e404	4.0	  ブリモリン 
0x11db7e408	0x11db7e418	4.0	  王様コイン 
0x11db7e41c	0x11db7e42c	4.0	  病気コイン 
0x11db7e430	0x11db7e440	4.0	  呪いコイン 
0x11db7e444	0x11db7e454	4.0	 ビンボコイン 
0x11db7e458	0x11db7e468	4.0	 あばれコイン 
0x11db7e46c	0x11db7e47c	4.0	 スペクトラル竜
0x11db7e480	0x11db7e490	4.0	   極戦鬼  
0x11db7e494	0x11db7e4a4	4.0	  銀ドラゴン 
0x11db7e4a8	0x11db7e4b8	4.0	  金ドラゴン 
0x11db7e4bc	0x11db7e4cc	4.0	  青ドラゴン 
0x11db7e4d0	0x11db7e4e0	4.0	  黒ドラゴン 
0x11db7e4e4	0x11db7e4f4	4.0	   キシン  
0x11db7e4f8	0x11db7e508	4.0	   ココロ  
0x11db7e50c	0x11db7e51c	4.0	  ヘルガイア 
0x11db7e520	0x11db7e530	4.0	   マオウ  
0x11db7e534	0x11db7e554	4.0	 悪魔：レベル\n   マジン  
0x11db7e558	0x11db7e568	4.0	  白ドラゴン 
0x11db7e56c	0x11db7e57c	4.0	  赤ドラゴン 
0x11db7e580	0x11db7e590	4.0	  バンパイア 
0x11db7e594	0x11db7e5a4	4.0	  ファントム 
0x11db7e5a8	0x11db7e5b8	4.0	   オーガ  
0x11db7e5bc	0x11db7e5cc	4.0	   ドラゴン 
0x11db7e5d0	0x11db7e5e0	4.0	 バーサーカー 
0x11db7e5e4	0x11db7e5f4	4.0	 ウェアウルフ 
0x11db7e5f8	0x11db7e608	4.0	  カエル男爵 
0x11db7e60c	0x11db7e61c	4.0	   呪術師  
0x11db7e620	0x11db7e630	4.0	  アクリョウ 
0x11db7e634	0x11db7e644	4.0	   バグベア 
0x11db7e648	0x11db7e658	4.0	アイテムハンター
0x11db7e65c	0x11db7e66c	4.0	   アサシン 
0x11db7e670	0x11db7e680	4.0	  黒ドレイク 
0x11db7e684	0x11db7e694	4.0	   オニ   
0x11db7e698	0x11db7e6a8	4.0	  赤ドレイク 
0x11db7e6ac	0x11db7e6bc	4.0	   グール  
0x11db7e6c0	0x11db7e6d0	4.0	 ダークナイト 
0x11db7e6d4	0x11db7e6f4	4.0	  竜：レベル\n   ドレイク 
0x11db7e6f8	0x11db7e708	4.0	 ホブゴブリン 
0x11db7e70c	0x11db7e71c	4.0	 メッキコイン 
0x11db7e720	0x11db7e730	4.0	  コインマン 
0x11db7e734	0x11db7e744	4.0	   ゴースト 
0x11db7e748	0x11db7e768	4.0	  霊：レベル\n   ゾンビ  
0x11db7e76c	0x11db7e78c	4.0	 人間：レベル\n   シーフ  
0x11db7e790	0x11db7e7a0	4.0	  グレムリン 
0x11db7e7a4	0x11db7e7b4	4.0	   オーク  
0x11db7e7b8	0x11db7e7c8	4.0	   ゴブリン 
0x11db7e7cc	0x11db7e7ec	4.0	使い魔：レベル\n   インプ  
0x11db7e7f0	0x11db7e810	4.0	  鬼：レベル\n   コボルト 
0x11db7e814	0x11db7e834	4.0	ダミー：レベル\n   ダミー  
0x11db7e838	0x11db7e840	4.0	金の宝箱
0x11db7e844	0x11db7e850	4.0	どくろの宝箱
0x11db7e854	0x11db7e878	4.0	セーブの像\nクイーンローズ\nマンビー
0x11db7e87c	0x11db7e8b8	4.0	ブリモリン\n王様コイン\n病気コイン\n呪いコイン\nビンボコイン
0x11db7e8bc	0x11db7e8c8	4.0	あばれコイン
0x11db7e8cc	0x11db7e950	4.0	スペクトラル竜\n銀ドラゴン\n金ドラゴン\n青ドラゴン\n黒ドラゴン\nヘルガイア\n白ドラゴン\n赤ドラゴン\nバンパイア\nファントム\nドラゴン
0x11db7e954	0x11db7e960	4.0	バーサーカー
0x11db7e964	0x11db7e970	4.0	ウェアウルフ
0x11db7e974	0x11db7e994	4.0	カエル男爵\nアクリョウ\nバグベア
0x11db7e998	0x11db7e9a0	4.0	アサシン
0x11db7e9a4	0x11db7e9c8	4.0	黒ドレイク\n赤ドレイク\nダークナイト
0x11db7e9cc	0x11db7e9d4	4.0	ドレイク
0x11db7e9d8	0x11db7e9e4	4.0	ホブゴブリン
0x11db7e9e8	0x11db7e9f4	4.0	メッキコイン
0x11db7e9f8	0x11db7ea0c	4.0	コインマン\nゴースト
0x11db7ea10	0x11db7ea24	4.0	グレムリン\nゴブリン
0x11db7ea28	0x11db7ea30	4.0	コボルト
0x11db7f63c	0x11db7f670	3084.0	スペクトラルタワー 泥棒タワー           
0x11db7f674	0x11db7f6a8	4.0	スペクトラルタワー クイーン・ローズタワー     
0x11db7f6ac	0x11db7f6e0	4.0	スペクトラルタワー スペクトラルタワー       
0x11db7f6e4	0x11db7f718	4.0	スペクトラルタワー 最後の塔            
0x11db7f7b9	0x11db7f7dc	161.0	未使用             
0x11db80934	0x11db80940	4440.0	ワープロッド
0x11db80944	0x11db80954	4.0	イプシロンのつえ
0x11db80958	0x11db80974	4.0	銀のクロス\nドラゴンのウロコ
0x11db80978	0x11db80990	4.0	ドラゴンのキバ\n天使の羽
0x11db80994	0x11db809d0	4.0	がらくたメダル\nがらくたロッド\nダークブレイド\nダークソード
0x11db809d4	0x11db80a00	4.0	ダークサーベル\nダークアックス\nダークダガー
0x11db80a04	0x11db80a10	4.0	ダークナイフ
0x11db80a14	0x11db80a34	4.0	イーグルソード\nフォースアックス
0x11db80a38	0x11db80a44	4.0	天魔のしゃく
0x11db80a48	0x11db80a54	4.0	天魔剣・流星
0x11db80a58	0x11db80a80	4.0	光るといし\n金のかけら\nフェアリーロッド
0x11db80a84	0x11db80a90	4.0	戦士のメダル
0x11db80a94	0x11db80abc	4.0	ただのがらくた\nまほうのといし\nパピルス
0x11db80ac0	0x11db80adc	4.0	ブリキのロッド\nセーブロッド
0x11db80ae0	0x11db80b00	4.0	リターンロッド\nユニコーンロッド
0x11db80b04	0x11db80b34	4.0	ジャンプロッド\n石ロッド？\nせいすい草\nどくけし
0x11db80b38	0x11db80b50	4.0	ねずみのしっぽ\nいもむし
0x11db80b54	0x11db80b6c	4.0	こけだんご\n小さな木の実
0x11db80b70	0x11db80b7c	4.0	大きな木の実
0x11db80b80	0x11db80b88	4.0	黄金の実
0x11db80b8c	0x11db80b94	4.0	こげら玉
0x11db80b98	0x11db80bc4	4.0	シーフのメダル\nシェフのメダル\n対悪のメダル
0x11db80bc8	0x11db80bd4	4.0	対人のメダル
0x11db80bd8	0x11db80be4	4.0	対竜のメダル
0x11db80be8	0x11db80bf4	4.0	対魔のメダル
0x11db80bf8	0x11db80c04	4.0	対霊のメダル
0x11db80c08	0x11db80c14	4.0	対鬼のメダル
0x11db80c18	0x11db80c30	4.0	命のしずく\nなぞのメダル
0x11db80c34	0x11db80c80	4.0	やくたたずな剣\nワールドヘブン\nエクスカリバー\n人斬りの刃\nドラゴンブレイク
0x11db80c84	0x11db80c94	4.0	コインマンキラー
0x11db80c98	0x11db80ca8	4.0	フラッシュソード
0x11db80cac	0x11db80cbc	4.0	サムライブレイド
0x11db80cc0	0x11db80cdc	4.0	マルスブレイド\nロングソード
